Transaction ID;Date;Customer ID;Gender;Age;Product Category;Quantity;Price per Unit;Total Amount;Postcode
1;24-11-2025;CUST001;Male;34;Beauty;3;€ 50,00;€ 150,00;4001LT
2;27-2-2025;CUST002;Female;26;Clothing;2;€ 500,00;€ 1.000,00;4001LT
3;13-1-2025;CUST003;Male;50;Electronics;1;€ 30,00;€ 30,00;4001LT
4;21-5-2025;CUST004;Male;37;Clothing;1;€ 500,00;€ 500,00;4001LT
5;6-5-2025;CUST005;Male;30;Beauty;2;€ 50,00;€ 100,00;4001LT
6;25-4-2025;CUST006;Female;45;Beauty;1;€ 30,00;€ 30,00;4001LT
7;13-3-2025;CUST007;Male;46;Clothing;2;€ 25,00;€ 50,00;4001LT
8;22-2-2025;CUST008;Male;30;Electronics;4;€ 25,00;€ 100,00;4001LT
9;13-12-2025;CUST009;Male;63;Electronics;2;€ 300,00;€ 600,00;4001LT
10;7-10-2025;CUST010;Female;52;Clothing;4;€ 50,00;€ 200,00;4001LT
11;14-2-2025;CUST011;Male;23;Clothing;2;€ 50,00;€ 100,00;4001LT
12;30-10-2025;CUST012;Male;35;Beauty;3;€ 25,00;€ 75,00;4001LT
13;5-8-2025;CUST013;Male;22;Electronics;3;€ 500,00;€ 1.500,00;4001LT
14;17-1-2025;CUST014;Male;64;Clothing;4;€ 30,00;€ 120,00;4001LT
15;16-1-2025;CUST015;Female;42;Electronics;4;€ 500,00;€ 2.000,00;4001LT
16;17-2-2025;CUST016;Male;19;Clothing;3;€ 500,00;€ 1.500,00;4001LT
17;22-4-2025;CUST017;Female;27;Clothing;4;€ 25,00;€ 100,00;4001LT
18;30-4-2025;CUST018;Female;47;Electronics;2;€ 25,00;€ 50,00;4001LT
19;16-9-2025;CUST019;Female;62;Clothing;2;€ 25,00;€ 50,00;4001LT
20;5-11-2025;CUST020;Male;22;Clothing;3;€ 300,00;€ 900,00;4001LT
21;14-1-2025;CUST021;Female;50;Beauty;1;€ 500,00;€ 500,00;4001LT
22;15-10-2025;CUST022;Male;18;Clothing;2;€ 50,00;€ 100,00;4001LT
23;12-4-2025;CUST023;Female;35;Clothing;4;€ 30,00;€ 120,00;4001LT
24;29-11-2025;CUST024;Female;49;Clothing;1;€ 300,00;€ 300,00;4002AL
25;26-12-2025;CUST025;Female;64;Beauty;1;€ 50,00;€ 50,00;4002AL
26;7-10-2025;CUST026;Female;28;Electronics;2;€ 500,00;€ 1.000,00;4002AL
27;3-8-2025;CUST027;Female;38;Beauty;2;€ 25,00;€ 50,00;4002AL
28;23-4-2025;CUST028;Female;43;Beauty;1;€ 500,00;€ 500,00;4002AL
29;18-8-2025;CUST029;Female;42;Electronics;1;€ 30,00;€ 30,00;4002AL
30;29-10-2025;CUST030;Female;39;Beauty;3;€ 300,00;€ 900,00;4002AL
31;23-5-2025;CUST031;Male;44;Electronics;4;€ 300,00;€ 1.200,00;4002AL
32;4-1-2025;CUST032;Male;30;Beauty;3;€ 30,00;€ 90,00;4002AL
33;23-3-2025;CUST033;Female;50;Electronics;2;€ 50,00;€ 100,00;4002AL
34;24-12-2025;CUST034;Female;51;Clothing;3;€ 50,00;€ 150,00;4002AL
35;5-8-2025;CUST035;Female;58;Beauty;3;€ 300,00;€ 900,00;4002AL
36;24-6-2025;CUST036;Male;52;Beauty;3;€ 300,00;€ 900,00;4002AL
37;23-5-2025;CUST037;Female;18;Beauty;3;€ 25,00;€ 75,00;4002AL
38;21-3-2025;CUST038;Male;38;Beauty;4;€ 50,00;€ 200,00;4002AL
39;21-4-2025;CUST039;Male;23;Clothing;4;€ 30,00;€ 120,00;4002AL
40;22-6-2025;CUST040;Male;45;Beauty;1;€ 50,00;€ 50,00;4002AL
41;22-2-2025;CUST041;Male;34;Clothing;2;€ 25,00;€ 50,00;4002AL
42;17-2-2025;CUST042;Male;22;Clothing;3;€ 300,00;€ 900,00;4002AL
43;14-7-2025;CUST043;Female;48;Clothing;1;€ 300,00;€ 300,00;4002AL
44;19-2-2025;CUST044;Female;22;Clothing;1;€ 25,00;€ 25,00;4002AL
45;3-7-2025;CUST045;Female;55;Electronics;1;€ 30,00;€ 30,00;4002AL
46;26-6-2025;CUST046;Female;20;Electronics;4;€ 300,00;€ 1.200,00;4002AL
47;6-11-2025;CUST047;Female;40;Beauty;3;€ 500,00;€ 1.500,00;4002AL
48;16-5-2025;CUST048;Male;54;Electronics;3;€ 300,00;€ 900,00;4002AL
49;23-1-2025;CUST049;Female;54;Electronics;2;€ 500,00;€ 1.000,00;4002AL
50;24-8-2025;CUST050;Female;27;Beauty;3;€ 25,00;€ 75,00;4002AL
51;2-10-2025;CUST051;Male;27;Beauty;3;€ 25,00;€ 75,00;4002AL
52;5-3-2025;CUST052;Female;36;Beauty;1;€ 300,00;€ 300,00;4002AL
53;13-7-2025;CUST053;Male;34;Electronics;2;€ 50,00;€ 100,00;4002AL
54;10-2-2025;CUST054;Female;38;Electronics;3;€ 500,00;€ 1.500,00;4002AL
55;10-10-2025;CUST055;Male;31;Beauty;4;€ 30,00;€ 120,00;4002AL
56;31-5-2025;CUST056;Female;26;Clothing;3;€ 300,00;€ 900,00;4002AL
57;18-11-2025;CUST057;Female;63;Beauty;1;€ 30,00;€ 30,00;4002AL
58;13-11-2025;CUST058;Male;18;Clothing;4;€ 300,00;€ 1.200,00;4002AL
59;5-7-2025;CUST059;Male;62;Clothing;1;€ 50,00;€ 50,00;4002AL
60;23-10-2025;CUST060;Male;30;Beauty;3;€ 50,00;€ 150,00;4002AL
61;9-4-2025;CUST061;Male;21;Beauty;4;€ 50,00;€ 200,00;4002AL
62;27-12-2025;CUST062;Male;18;Beauty;2;€ 50,00;€ 100,00;4002AL
63;5-2-2025;CUST063;Male;57;Electronics;2;€ 25,00;€ 50,00;4002AL
64;24-1-2025;CUST064;Male;49;Clothing;4;€ 25,00;€ 100,00;4002AL
65;5-12-2025;CUST065;Male;51;Electronics;4;€ 500,00;€ 2.000,00;4002AL
66;27-4-2025;CUST066;Female;45;Electronics;1;€ 30,00;€ 30,00;4002AL
67;29-5-2025;CUST067;Female;48;Beauty;4;€ 300,00;€ 1.200,00;4002AL
68;10-2-2025;CUST068;Male;25;Electronics;1;€ 300,00;€ 300,00;4002AL
69;30-4-2025;CUST069;Female;56;Beauty;3;€ 25,00;€ 75,00;4002AL
70;21-2-2025;CUST070;Female;43;Clothing;1;€ 300,00;€ 300,00;4002AL
71;14-7-2025;CUST071;Female;51;Beauty;4;€ 25,00;€ 100,00;4002AL
72;23-5-2025;CUST072;Female;20;Electronics;4;€ 500,00;€ 2.000,00;4002AL
73;21-8-2025;CUST073;Male;29;Electronics;3;€ 30,00;€ 90,00;4002AL
74;22-11-2025;CUST074;Female;18;Beauty;4;€ 500,00;€ 2.000,00;4002AL
75;6-7-2025;CUST075;Male;61;Beauty;4;€ 50,00;€ 200,00;4002AL
76;25-3-2025;CUST076;Female;22;Electronics;2;€ 50,00;€ 100,00;4002AL
77;9-7-2025;CUST077;Female;47;Clothing;2;€ 50,00;€ 100,00;4002AL
78;1-7-2025;CUST078;Female;47;Clothing;3;€ 500,00;€ 1.500,00;4002AL
79;18-4-2025;CUST079;Male;34;Beauty;1;€ 300,00;€ 300,00;4002AL
80;10-12-2025;CUST080;Female;64;Clothing;2;€ 30,00;€ 60,00;4002AL
81;17-5-2025;CUST081;Male;40;Electronics;1;€ 50,00;€ 50,00;4002AL
82;26-12-2025;CUST082;Female;32;Beauty;4;€ 50,00;€ 200,00;4002AL
83;16-12-2025;CUST083;Male;54;Electronics;2;€ 50,00;€ 100,00;4002AL
84;28-11-2025;CUST084;Female;38;Electronics;3;€ 30,00;€ 90,00;4002AL
85;6-2-2025;CUST085;Male;31;Clothing;3;€ 50,00;€ 150,00;4002AL
86;8-11-2025;CUST086;Male;19;Beauty;3;€ 30,00;€ 90,00;4002AL
87;22-11-2025;CUST087;Female;28;Beauty;2;€ 50,00;€ 100,00;4002AL
88;29-3-2025;CUST088;Male;56;Clothing;1;€ 500,00;€ 500,00;4002AL
89;1-10-2025;CUST089;Female;55;Electronics;4;€ 500,00;€ 2.000,00;4002AL
90;6-5-2025;CUST090;Female;51;Electronics;1;€ 30,00;€ 30,00;4002AL
91;25-3-2025;CUST091;Female;55;Electronics;1;€ 500,00;€ 500,00;4002AL
92;25-8-2025;CUST092;Female;51;Electronics;4;€ 30,00;€ 120,00;4002AL
93;14-7-2025;CUST093;Female;35;Beauty;4;€ 500,00;€ 2.000,00;4002AL
94;19-5-2025;CUST094;Female;47;Beauty;2;€ 500,00;€ 1.000,00;4002AL
95;24-11-2025;CUST095;Female;32;Clothing;2;€ 30,00;€ 60,00;4002AL
96;19-12-2025;CUST096;Female;44;Clothing;2;€ 300,00;€ 600,00;4002AL
97;13-10-2025;CUST097;Female;51;Beauty;2;€ 500,00;€ 1.000,00;4002AL
98;23-4-2025;CUST098;Female;55;Beauty;2;€ 50,00;€ 100,00;4002AL
99;17-12-2025;CUST099;Female;50;Electronics;4;€ 300,00;€ 1.200,00;4002AL
100;16-6-2025;CUST100;Male;41;Electronics;1;€ 30,00;€ 30,00;4002AL
101;29-1-2025;CUST101;Male;32;Clothing;2;€ 300,00;€ 600,00;4002AL
102;28-4-2025;CUST102;Female;47;Beauty;2;€ 25,00;€ 50,00;4002AL
103;17-1-2025;CUST103;Female;59;Clothing;1;€ 25,00;€ 25,00;4002AL
104;11-6-2025;CUST104;Female;34;Beauty;2;€ 500,00;€ 1.000,00;4002AL
105;25-7-2025;CUST105;Female;22;Electronics;1;€ 500,00;€ 500,00;4002AL
106;18-5-2025;CUST106;Female;46;Clothing;1;€ 50,00;€ 50,00;4002AL
107;3-2-2025;CUST107;Female;21;Clothing;4;€ 300,00;€ 1.200,00;4002AL
108;19-4-2025;CUST108;Female;27;Beauty;3;€ 25,00;€ 75,00;4002AL
109;18-10-2025;CUST109;Female;34;Electronics;4;€ 500,00;€ 2.000,00;4002AL
110;11-6-2025;CUST110;Male;27;Clothing;3;€ 300,00;€ 900,00;4002AL
111;19-4-2025;CUST111;Female;34;Electronics;3;€ 500,00;€ 1.500,00;4002AL
112;2-12-2025;CUST112;Male;37;Clothing;3;€ 500,00;€ 1.500,00;4002AL
113;13-9-2025;CUST113;Female;41;Electronics;2;€ 25,00;€ 50,00;4002AL
114;22-7-2025;CUST114;Female;22;Beauty;4;€ 25,00;€ 100,00;4002AL
115;26-11-2025;CUST115;Male;51;Clothing;3;€ 500,00;€ 1.500,00;4002AL
116;23-8-2025;CUST116;Female;23;Clothing;1;€ 30,00;€ 30,00;4002AL
117;15-3-2025;CUST117;Male;19;Electronics;2;€ 500,00;€ 1.000,00;4002AL
118;16-5-2025;CUST118;Female;30;Electronics;4;€ 500,00;€ 2.000,00;4002AL
119;13-3-2025;CUST119;Female;60;Clothing;3;€ 50,00;€ 150,00;4002AL
120;7-5-2025;CUST120;Male;60;Beauty;1;€ 50,00;€ 50,00;4002AL
121;15-10-2025;CUST121;Female;28;Electronics;4;€ 50,00;€ 200,00;4002AL
122;3-10-2025;CUST122;Male;64;Electronics;4;€ 30,00;€ 120,00;4002AL
123;15-5-2025;CUST123;Female;40;Electronics;2;€ 30,00;€ 60,00;4002AL
124;27-10-2025;CUST124;Male;33;Clothing;4;€ 500,00;€ 2.000,00;4002AL
125;8-8-2025;CUST125;Male;48;Clothing;2;€ 50,00;€ 100,00;4002AL
126;26-10-2025;CUST126;Female;28;Clothing;3;€ 30,00;€ 90,00;4001RK
127;24-7-2025;CUST127;Female;33;Clothing;2;€ 25,00;€ 50,00;4001RK
128;5-7-2025;CUST128;Male;25;Beauty;1;€ 500,00;€ 500,00;4001RK
129;23-4-2025;CUST129;Female;21;Beauty;2;€ 300,00;€ 600,00;4001RK
130;12-3-2025;CUST130;Female;57;Clothing;1;€ 500,00;€ 500,00;4001RK
131;18-9-2025;CUST131;Female;21;Beauty;2;€ 300,00;€ 600,00;4001RK
132;10-9-2025;CUST132;Male;42;Electronics;4;€ 50,00;€ 200,00;4001RK
133;16-2-2025;CUST133;Male;20;Electronics;3;€ 300,00;€ 900,00;4001RK
134;25-1-2025;CUST134;Male;49;Electronics;1;€ 50,00;€ 50,00;4001RK
135;26-2-2025;CUST135;Male;20;Clothing;2;€ 25,00;€ 50,00;4001RK
136;20-3-2025;CUST136;Male;44;Electronics;2;€ 300,00;€ 600,00;4001RK
137;18-11-2025;CUST137;Male;46;Beauty;2;€ 500,00;€ 1.000,00;4001RK
138;23-3-2025;CUST138;Male;49;Clothing;4;€ 50,00;€ 200,00;4001RK
139;15-12-2025;CUST139;Male;36;Beauty;4;€ 500,00;€ 2.000,00;4001RK
140;5-8-2025;CUST140;Male;38;Electronics;1;€ 30,00;€ 30,00;4001RK
141;2-11-2025;CUST141;Female;22;Electronics;1;€ 50,00;€ 50,00;4001RK
142;2-2-2025;CUST142;Male;35;Electronics;4;€ 300,00;€ 1.200,00;4001RK
143;17-7-2025;CUST143;Female;45;Clothing;1;€ 50,00;€ 50,00;4001RK
144;15-7-2025;CUST144;Female;59;Beauty;3;€ 500,00;€ 1.500,00;4001RK
145;2-11-2025;CUST145;Female;39;Clothing;3;€ 25,00;€ 75,00;4001RK
146;28-8-2025;CUST146;Male;38;Clothing;4;€ 50,00;€ 200,00;4001RK
147;28-9-2025;CUST147;Male;23;Electronics;1;€ 300,00;€ 300,00;4001RK
148;9-5-2025;CUST148;Male;18;Clothing;2;€ 30,00;€ 60,00;4001RK
149;11-10-2025;CUST149;Male;22;Clothing;3;€ 25,00;€ 75,00;4001RK
150;6-1-2025;CUST150;Female;58;Electronics;4;€ 30,00;€ 120,00;4001RK
151;15-12-2025;CUST151;Male;29;Clothing;1;€ 50,00;€ 50,00;4001RK
152;28-2-2025;CUST152;Male;43;Electronics;4;€ 500,00;€ 2.000,00;4001RK
153;16-12-2025;CUST153;Male;63;Electronics;2;€ 500,00;€ 1.000,00;4001RK
154;2-10-2025;CUST154;Male;51;Electronics;3;€ 300,00;€ 900,00;4001RK
155;17-5-2025;CUST155;Male;31;Electronics;4;€ 500,00;€ 2.000,00;4001RK
156;25-11-2025;CUST156;Female;43;Clothing;4;€ 25,00;€ 100,00;4001RK
157;24-6-2025;CUST157;Male;62;Electronics;4;€ 500,00;€ 2.000,00;4001RK
158;27-2-2025;CUST158;Female;44;Electronics;2;€ 300,00;€ 600,00;4001RK
159;31-5-2025;CUST159;Male;26;Clothing;4;€ 50,00;€ 200,00;4001RK
160;11-8-2025;CUST160;Female;43;Clothing;2;€ 50,00;€ 100,00;4001RK
161;22-3-2025;CUST161;Male;64;Beauty;2;€ 500,00;€ 1.000,00;4001RK
162;21-8-2025;CUST162;Male;39;Clothing;2;€ 30,00;€ 60,00;4001RK
163;2-1-2025;CUST163;Female;64;Clothing;3;€ 50,00;€ 150,00;4001RK
164;15-5-2025;CUST164;Female;47;Beauty;3;€ 500,00;€ 1.500,00;4001RK
165;14-9-2025;CUST165;Female;60;Clothing;4;€ 300,00;€ 1.200,00;4001RK
166;2-4-2025;CUST166;Male;34;Clothing;4;€ 500,00;€ 2.000,00;4001RK
167;17-9-2025;CUST167;Female;43;Clothing;3;€ 50,00;€ 150,00;4001RK
168;24-2-2025;CUST168;Male;53;Clothing;1;€ 300,00;€ 300,00;4001RK
169;17-11-2025;CUST169;Male;18;Beauty;3;€ 500,00;€ 1.500,00;4001RK
170;2-6-2025;CUST170;Female;25;Clothing;2;€ 25,00;€ 50,00;4001RK
171;24-11-2025;CUST171;Female;52;Clothing;3;€ 300,00;€ 900,00;4001RK
172;17-9-2025;CUST172;Male;32;Beauty;2;€ 25,00;€ 50,00;4001RK
173;8-11-2025;CUST173;Male;64;Electronics;4;€ 30,00;€ 120,00;4001RK
174;12-4-2025;CUST174;Female;39;Beauty;1;€ 300,00;€ 300,00;4001RK
175;20-3-2025;CUST175;Female;31;Electronics;4;€ 25,00;€ 100,00;4001RK
176;11-7-2025;CUST176;Female;43;Beauty;2;€ 50,00;€ 100,00;4001RK
177;24-3-2025;CUST177;Male;45;Beauty;2;€ 50,00;€ 100,00;4001RK
178;4-10-2025;CUST178;Male;40;Clothing;2;€ 30,00;€ 60,00;4001RK
179;29-9-2025;CUST179;Male;31;Electronics;1;€ 300,00;€ 300,00;4001RK
180;1-1-2025;CUST180;Male;41;Clothing;3;€ 300,00;€ 900,00;4001RK
181;3-11-2025;CUST181;Male;19;Electronics;4;€ 300,00;€ 1.200,00;4001RK
182;15-6-2025;CUST182;Male;62;Beauty;4;€ 30,00;€ 120,00;4001RK
183;8-9-2025;CUST183;Female;43;Beauty;3;€ 300,00;€ 900,00;4001RK
184;10-1-2025;CUST184;Male;31;Electronics;4;€ 50,00;€ 200,00;4001RK
185;27-2-2025;CUST185;Male;24;Clothing;1;€ 25,00;€ 25,00;4001RK
186;5-7-2025;CUST186;Male;20;Clothing;4;€ 50,00;€ 200,00;4001RK
187;7-6-2025;CUST187;Female;64;Clothing;2;€ 50,00;€ 100,00;4001RK
188;3-5-2025;CUST188;Male;40;Clothing;3;€ 25,00;€ 75,00;4001RK
189;30-1-2025;CUST189;Male;63;Beauty;1;€ 50,00;€ 50,00;4001RK
190;4-5-2025;CUST190;Female;60;Beauty;3;€ 30,00;€ 90,00;4001RK
191;18-10-2025;CUST191;Male;64;Beauty;1;€ 25,00;€ 25,00;4001RK
192;10-2-2025;CUST192;Male;62;Beauty;2;€ 50,00;€ 100,00;4001RK
193;13-2-2025;CUST193;Male;35;Beauty;3;€ 500,00;€ 1.500,00;4001RK
194;6-9-2025;CUST194;Male;55;Clothing;4;€ 50,00;€ 200,00;4001RK
195;5-2-2025;CUST195;Male;52;Clothing;1;€ 30,00;€ 30,00;4001RK
196;30-9-2025;CUST196;Female;32;Clothing;3;€ 300,00;€ 900,00;4001RK
197;6-3-2025;CUST197;Female;42;Clothing;4;€ 50,00;€ 200,00;4001RK
198;7-3-2025;CUST198;Female;54;Beauty;3;€ 300,00;€ 900,00;4001RK
199;4-12-2025;CUST199;Male;45;Beauty;3;€ 500,00;€ 1.500,00;4001RK
200;1-9-2025;CUST200;Male;27;Beauty;3;€ 50,00;€ 150,00;4001RK
201;9-10-2025;CUST201;Male;56;Electronics;1;€ 25,00;€ 25,00;4001RK
202;26-3-2025;CUST202;Female;34;Clothing;4;€ 300,00;€ 1.200,00;4001RK
203;16-5-2025;CUST203;Male;56;Clothing;2;€ 500,00;€ 1.000,00;4001RK
204;28-9-2025;CUST204;Male;39;Beauty;1;€ 25,00;€ 25,00;4001RK
205;7-11-2025;CUST205;Female;43;Clothing;1;€ 25,00;€ 25,00;4001RK
206;5-8-2025;CUST206;Male;61;Clothing;1;€ 25,00;€ 25,00;4001RK
207;19-4-2025;CUST207;Female;42;Beauty;2;€ 25,00;€ 50,00;4001RK
208;4-10-2025;CUST208;Female;34;Electronics;4;€ 50,00;€ 200,00;4001RK
209;20-12-2025;CUST209;Female;30;Electronics;4;€ 50,00;€ 200,00;4001RK
210;13-4-2025;CUST210;Male;37;Electronics;4;€ 50,00;€ 200,00;4001RK
211;1-1-2024;CUST211;Male;42;Beauty;3;€ 500,00;€ 1.500,00;4001RK
212;9-6-2025;CUST212;Male;21;Clothing;3;€ 500,00;€ 1.500,00;4001RK
213;24-7-2025;CUST213;Male;27;Beauty;3;€ 500,00;€ 1.500,00;4001RK
214;10-12-2025;CUST214;Male;20;Beauty;2;€ 30,00;€ 60,00;4001RK
215;29-11-2025;CUST215;Male;58;Clothing;3;€ 500,00;€ 1.500,00;4001RK
216;11-7-2025;CUST216;Male;62;Electronics;2;€ 50,00;€ 100,00;4001RK
217;13-8-2025;CUST217;Female;35;Electronics;4;€ 50,00;€ 200,00;4001RK
218;22-9-2025;CUST218;Male;64;Beauty;3;€ 30,00;€ 90,00;4001RK
219;20-8-2025;CUST219;Female;53;Electronics;3;€ 30,00;€ 90,00;4001RK
220;3-3-2025;CUST220;Male;64;Beauty;1;€ 500,00;€ 500,00;4001RK
221;7-5-2025;CUST221;Male;39;Beauty;2;€ 300,00;€ 600,00;4001RK
222;26-4-2025;CUST222;Male;51;Clothing;4;€ 30,00;€ 120,00;4001RK
223;2-2-2025;CUST223;Female;64;Clothing;1;€ 25,00;€ 25,00;4001RK
224;23-6-2025;CUST224;Female;25;Clothing;1;€ 50,00;€ 50,00;4001RK
225;11-1-2025;CUST225;Female;57;Beauty;4;€ 25,00;€ 100,00;4001RK
226;29-10-2025;CUST226;Female;61;Clothing;1;€ 50,00;€ 50,00;4001RK
227;11-10-2025;CUST227;Male;36;Electronics;2;€ 50,00;€ 100,00;4001RK
228;28-4-2025;CUST228;Female;59;Electronics;2;€ 30,00;€ 60,00;4001RK
229;29-10-2025;CUST229;Male;58;Beauty;3;€ 30,00;€ 90,00;4001RK
230;23-4-2025;CUST230;Male;54;Beauty;1;€ 25,00;€ 25,00;4001RK
231;4-1-2025;CUST231;Female;23;Clothing;3;€ 50,00;€ 150,00;4001RK
232;6-2-2025;CUST232;Female;43;Beauty;1;€ 25,00;€ 25,00;4001RK
233;29-12-2025;CUST233;Female;51;Beauty;2;€ 300,00;€ 600,00;4001RK
234;20-11-2025;CUST234;Female;62;Electronics;2;€ 25,00;€ 50,00;4001RK
235;31-1-2025;CUST235;Female;23;Electronics;2;€ 500,00;€ 1.000,00;4001RK
236;28-4-2025;CUST236;Female;54;Clothing;1;€ 25,00;€ 25,00;4001RK
237;4-2-2025;CUST237;Female;50;Beauty;2;€ 500,00;€ 1.000,00;4001RK
238;17-1-2025;CUST238;Female;39;Beauty;1;€ 500,00;€ 500,00;4001RK
239;19-6-2025;CUST239;Male;38;Electronics;3;€ 500,00;€ 1.500,00;4001RK
240;6-2-2025;CUST240;Female;23;Beauty;1;€ 300,00;€ 300,00;4001RK
241;21-9-2025;CUST241;Female;23;Electronics;3;€ 25,00;€ 75,00;4001RK
242;2-5-2025;CUST242;Male;21;Clothing;1;€ 25,00;€ 25,00;4001RK
243;23-5-2025;CUST243;Female;47;Electronics;3;€ 300,00;€ 900,00;4001RK
244;9-12-2025;CUST244;Male;28;Beauty;2;€ 50,00;€ 100,00;4001RK
245;6-9-2025;CUST245;Male;47;Clothing;3;€ 30,00;€ 90,00;4001RK
246;20-4-2025;CUST246;Female;48;Electronics;2;€ 25,00;€ 50,00;4001RK
247;4-10-2025;CUST247;Male;41;Electronics;2;€ 30,00;€ 60,00;4001RK
248;9-3-2025;CUST248;Male;26;Clothing;3;€ 300,00;€ 900,00;4001RK
249;20-10-2025;CUST249;Male;20;Clothing;1;€ 50,00;€ 50,00;4001RK
250;23-10-2025;CUST250;Male;48;Electronics;1;€ 50,00;€ 50,00;4001RK
251;31-8-2025;CUST251;Female;57;Beauty;4;€ 50,00;€ 200,00;4001RK
252;5-5-2025;CUST252;Male;54;Electronics;1;€ 300,00;€ 300,00;4001RK
253;31-8-2025;CUST253;Female;53;Clothing;4;€ 500,00;€ 2.000,00;4001RK
254;28-7-2025;CUST254;Male;41;Electronics;1;€ 500,00;€ 500,00;4001RK
255;8-4-2025;CUST255;Male;48;Clothing;1;€ 30,00;€ 30,00;4001RK
256;18-2-2025;CUST256;Male;23;Clothing;2;€ 500,00;€ 1.000,00;4001RK
257;19-2-2025;CUST257;Male;19;Beauty;4;€ 500,00;€ 2.000,00;4001RK
258;4-12-2025;CUST258;Female;37;Clothing;1;€ 50,00;€ 50,00;4001RK
259;9-8-2025;CUST259;Female;45;Clothing;4;€ 50,00;€ 200,00;4001RK
260;1-7-2025;CUST260;Male;28;Beauty;2;€ 30,00;€ 60,00;4001RK
261;5-8-2025;CUST261;Male;21;Clothing;2;€ 25,00;€ 50,00;4001RK
262;30-7-2025;CUST262;Female;32;Beauty;4;€ 30,00;€ 120,00;4001RK
263;28-8-2025;CUST263;Male;23;Beauty;2;€ 30,00;€ 60,00;4001RK
264;28-1-2025;CUST264;Male;47;Clothing;3;€ 300,00;€ 900,00;4001RK
265;11-12-2025;CUST265;Male;55;Clothing;3;€ 300,00;€ 900,00;4001RK
266;1-12-2025;CUST266;Female;19;Electronics;2;€ 30,00;€ 60,00;4001RK
267;27-11-2025;CUST267;Female;32;Beauty;3;€ 30,00;€ 90,00;4001RK
268;20-2-2025;CUST268;Female;28;Electronics;1;€ 30,00;€ 30,00;4001RK
269;1-2-2025;CUST269;Male;25;Clothing;4;€ 500,00;€ 2.000,00;4001RK
270;26-7-2025;CUST270;Male;43;Electronics;1;€ 300,00;€ 300,00;4001RK
271;23-6-2025;CUST271;Female;62;Beauty;4;€ 30,00;€ 120,00;4001RK
272;25-2-2025;CUST272;Female;61;Electronics;2;€ 50,00;€ 100,00;4001RK
273;8-5-2025;CUST273;Female;22;Beauty;1;€ 50,00;€ 50,00;4001RK
274;9-4-2025;CUST274;Female;23;Clothing;2;€ 500,00;€ 1.000,00;4001RK
275;8-4-2025;CUST275;Male;43;Clothing;2;€ 500,00;€ 1.000,00;4001RK
276;2-10-2025;CUST276;Female;21;Beauty;4;€ 25,00;€ 100,00;4001RK
277;18-8-2025;CUST277;Male;36;Clothing;4;€ 25,00;€ 100,00;4001RK
278;13-3-2025;CUST278;Female;37;Clothing;4;€ 25,00;€ 100,00;4001RK
279;5-8-2025;CUST279;Male;50;Clothing;1;€ 500,00;€ 500,00;4001RK
280;4-4-2025;CUST280;Female;37;Clothing;3;€ 500,00;€ 1.500,00;4001RK
281;23-5-2025;CUST281;Female;29;Beauty;4;€ 500,00;€ 2.000,00;4001RK
282;25-8-2025;CUST282;Female;64;Electronics;4;€ 50,00;€ 200,00;4001RK
283;8-5-2025;CUST283;Female;18;Electronics;1;€ 500,00;€ 500,00;4001RK
284;8-2-2025;CUST284;Male;43;Clothing;4;€ 50,00;€ 200,00;4001RK
285;15-8-2025;CUST285;Female;31;Electronics;1;€ 25,00;€ 25,00;4001RK
286;9-10-2025;CUST286;Male;55;Electronics;2;€ 25,00;€ 50,00;4001RK
287;20-2-2025;CUST287;Male;54;Clothing;4;€ 25,00;€ 100,00;4001RK
288;26-1-2025;CUST288;Male;28;Clothing;4;€ 30,00;€ 120,00;4001RK
289;30-11-2025;CUST289;Male;53;Electronics;2;€ 30,00;€ 60,00;4001RK
290;4-10-2025;CUST290;Female;30;Beauty;2;€ 300,00;€ 600,00;4001RK
291;8-1-2025;CUST291;Male;60;Clothing;2;€ 300,00;€ 600,00;4001RK
292;17-2-2025;CUST292;Male;20;Beauty;4;€ 300,00;€ 1.200,00;4001RK
293;2-5-2025;CUST293;Male;50;Electronics;3;€ 30,00;€ 90,00;4001RK
294;27-3-2025;CUST294;Female;23;Clothing;3;€ 30,00;€ 90,00;4001RK
295;28-7-2025;CUST295;Female;27;Beauty;3;€ 300,00;€ 900,00;4001RK
296;6-9-2025;CUST296;Female;22;Clothing;4;€ 300,00;€ 1.200,00;4001RK
297;4-9-2025;CUST297;Female;40;Electronics;2;€ 500,00;€ 1.000,00;4001RK
298;20-4-2025;CUST298;Male;27;Beauty;4;€ 300,00;€ 1.200,00;4001RK
299;25-7-2025;CUST299;Male;61;Electronics;2;€ 500,00;€ 1.000,00;4001RK
300;31-1-2025;CUST300;Female;19;Electronics;4;€ 50,00;€ 200,00;4001RK
301;26-3-2025;CUST301;Male;30;Clothing;4;€ 30,00;€ 120,00;4001RK
302;14-7-2025;CUST302;Male;57;Beauty;2;€ 300,00;€ 600,00;4001RK
303;2-1-2025;CUST303;Male;19;Electronics;3;€ 30,00;€ 90,00;4001RK
304;19-7-2025;CUST304;Female;37;Electronics;2;€ 30,00;€ 60,00;4001RK
305;16-5-2025;CUST305;Female;18;Beauty;1;€ 30,00;€ 30,00;4001RK
306;21-8-2025;CUST306;Male;54;Electronics;1;€ 50,00;€ 50,00;4001RK
307;27-5-2025;CUST307;Female;26;Electronics;2;€ 25,00;€ 50,00;4001RK
308;5-8-2025;CUST308;Female;34;Beauty;4;€ 300,00;€ 1.200,00;4001RK
309;23-12-2025;CUST309;Female;26;Beauty;1;€ 25,00;€ 25,00;4001RK
310;12-10-2025;CUST310;Female;28;Beauty;1;€ 25,00;€ 25,00;4001RK
311;5-12-2025;CUST311;Female;32;Beauty;4;€ 25,00;€ 100,00;4001RK
312;7-9-2025;CUST312;Male;41;Clothing;4;€ 30,00;€ 120,00;4001RK
313;21-3-2025;CUST313;Female;55;Beauty;3;€ 500,00;€ 1.500,00;4001RK
314;8-4-2025;CUST314;Male;52;Clothing;4;€ 30,00;€ 120,00;4001RK
315;1-6-2025;CUST315;Male;47;Clothing;2;€ 30,00;€ 60,00;4001RK
316;22-4-2025;CUST316;Female;48;Clothing;2;€ 25,00;€ 50,00;4001RK
317;30-1-2025;CUST317;Male;22;Electronics;3;€ 30,00;€ 90,00;4001RK
318;24-10-2025;CUST318;Male;61;Clothing;1;€ 25,00;€ 25,00;4001RK
319;5-10-2025;CUST319;Male;31;Clothing;1;€ 500,00;€ 500,00;4001RK
320;1-2-2025;CUST320;Female;28;Electronics;4;€ 300,00;€ 1.200,00;4001RK
321;10-6-2025;CUST321;Female;26;Electronics;2;€ 25,00;€ 50,00;4001CH
322;30-1-2025;CUST322;Male;51;Electronics;1;€ 500,00;€ 500,00;4001CH
323;26-1-2025;CUST323;Female;29;Beauty;3;€ 300,00;€ 900,00;4001CH
324;27-10-2025;CUST324;Female;52;Electronics;3;€ 50,00;€ 150,00;4001CH
325;2-9-2025;CUST325;Female;52;Electronics;2;€ 25,00;€ 50,00;4001CH
326;15-9-2025;CUST326;Female;18;Clothing;3;€ 25,00;€ 75,00;4001CH
327;29-9-2025;CUST327;Male;57;Electronics;3;€ 50,00;€ 150,00;4001CH
328;22-3-2025;CUST328;Male;39;Beauty;2;€ 50,00;€ 100,00;4001CH
329;30-1-2025;CUST329;Female;46;Electronics;4;€ 25,00;€ 100,00;4001CH
330;18-9-2025;CUST330;Female;25;Beauty;4;€ 50,00;€ 200,00;4001CH
331;11-2-2025;CUST331;Male;28;Electronics;3;€ 30,00;€ 90,00;4001CH
332;6-4-2025;CUST332;Male;58;Electronics;4;€ 300,00;€ 1.200,00;4001CH
333;5-2-2025;CUST333;Female;54;Electronics;4;€ 300,00;€ 1.200,00;4001CH
334;1-11-2025;CUST334;Male;31;Electronics;3;€ 300,00;€ 900,00;4001CH
335;4-2-2025;CUST335;Female;47;Beauty;4;€ 30,00;€ 120,00;4001CH
336;12-12-2025;CUST336;Female;52;Beauty;3;€ 50,00;€ 150,00;4001CH
337;1-5-2025;CUST337;Male;38;Clothing;1;€ 500,00;€ 500,00;4001CH
338;26-7-2025;CUST338;Male;54;Beauty;2;€ 50,00;€ 100,00;4001CH
339;3-3-2025;CUST339;Female;22;Electronics;2;€ 25,00;€ 50,00;4001CH
340;19-10-2025;CUST340;Female;36;Clothing;4;€ 300,00;€ 1.200,00;4001CH
341;7-5-2025;CUST341;Male;31;Clothing;4;€ 50,00;€ 200,00;4001CH
342;24-10-2025;CUST342;Female;43;Clothing;4;€ 500,00;€ 2.000,00;4001CH
343;1-11-2025;CUST343;Male;21;Electronics;2;€ 25,00;€ 50,00;4001CH
344;21-1-2025;CUST344;Female;42;Beauty;1;€ 30,00;€ 30,00;4001CH
345;14-11-2025;CUST345;Male;62;Electronics;1;€ 30,00;€ 30,00;4001CH
346;11-2-2025;CUST346;Male;59;Clothing;2;€ 500,00;€ 1.000,00;4001CH
347;3-8-2025;CUST347;Male;42;Electronics;1;€ 25,00;€ 25,00;4001CH
348;3-12-2025;CUST348;Female;35;Electronics;2;€ 300,00;€ 600,00;4001CH
349;26-10-2025;CUST349;Female;57;Beauty;1;€ 50,00;€ 50,00;4001CH
350;17-10-2025;CUST350;Male;25;Beauty;3;€ 25,00;€ 75,00;4001CH
351;25-9-2025;CUST351;Female;56;Clothing;3;€ 30,00;€ 90,00;4001CH
352;11-6-2025;CUST352;Male;57;Electronics;2;€ 500,00;€ 1.000,00;4001CH
353;14-5-2025;CUST353;Male;31;Electronics;1;€ 500,00;€ 500,00;4001CH
354;15-4-2025;CUST354;Female;49;Beauty;4;€ 50,00;€ 200,00;4001CH
355;9-12-2025;CUST355;Female;55;Electronics;1;€ 500,00;€ 500,00;4001CH
356;10-6-2025;CUST356;Male;50;Electronics;3;€ 500,00;€ 1.500,00;4001CH
357;3-5-2025;CUST357;Female;40;Electronics;3;€ 25,00;€ 75,00;4001CH
358;16-5-2025;CUST358;Female;32;Beauty;1;€ 300,00;€ 300,00;4001CH
359;22-7-2025;CUST359;Male;50;Clothing;1;€ 50,00;€ 50,00;4001CH
360;9-3-2025;CUST360;Male;42;Clothing;4;€ 25,00;€ 100,00;4001CH
361;10-12-2025;CUST361;Female;34;Electronics;4;€ 300,00;€ 1.200,00;4001CH
362;27-11-2025;CUST362;Male;50;Clothing;1;€ 25,00;€ 25,00;4001CH
363;3-6-2025;CUST363;Male;64;Beauty;1;€ 25,00;€ 25,00;4001CH
364;23-8-2025;CUST364;Female;19;Beauty;1;€ 500,00;€ 500,00;4001CH
365;11-6-2025;CUST365;Male;31;Clothing;1;€ 300,00;€ 300,00;4001CH
366;7-2-2025;CUST366;Male;57;Clothing;2;€ 50,00;€ 100,00;4001CH
367;5-1-2025;CUST367;Female;57;Electronics;1;€ 50,00;€ 50,00;4001CH
368;23-8-2025;CUST368;Female;56;Clothing;4;€ 300,00;€ 1.200,00;4001CH
369;15-11-2025;CUST369;Male;23;Electronics;3;€ 500,00;€ 1.500,00;4001CH
370;16-10-2025;CUST370;Male;23;Electronics;2;€ 30,00;€ 60,00;4001CH
371;21-2-2025;CUST371;Female;20;Beauty;1;€ 25,00;€ 25,00;4001CH
372;7-2-2025;CUST372;Female;24;Beauty;3;€ 500,00;€ 1.500,00;4001CH
373;3-10-2025;CUST373;Female;25;Beauty;2;€ 300,00;€ 600,00;4001CH
374;20-4-2025;CUST374;Female;59;Beauty;3;€ 25,00;€ 75,00;4001CH
375;17-9-2025;CUST375;Male;32;Clothing;1;€ 50,00;€ 50,00;4001CH
376;16-5-2025;CUST376;Female;64;Beauty;1;€ 30,00;€ 30,00;4001CH
377;9-3-2025;CUST377;Female;46;Clothing;4;€ 50,00;€ 200,00;4001CH
378;28-6-2025;CUST378;Male;50;Beauty;1;€ 300,00;€ 300,00;4001CH
379;5-2-2025;CUST379;Female;47;Clothing;1;€ 25,00;€ 25,00;4001CH
380;6-5-2025;CUST380;Male;56;Electronics;2;€ 300,00;€ 600,00;4001CH
381;9-7-2025;CUST381;Female;44;Clothing;4;€ 25,00;€ 100,00;4001CH
382;26-5-2025;CUST382;Female;53;Clothing;2;€ 500,00;€ 1.000,00;4001CH
383;22-3-2025;CUST383;Female;46;Beauty;3;€ 30,00;€ 90,00;4001CH
384;13-8-2025;CUST384;Male;55;Clothing;1;€ 500,00;€ 500,00;4001CH
385;6-10-2025;CUST385;Male;50;Electronics;3;€ 500,00;€ 1.500,00;4001CH
386;27-12-2025;CUST386;Female;54;Electronics;2;€ 300,00;€ 600,00;4001CH
387;4-6-2025;CUST387;Male;44;Beauty;1;€ 30,00;€ 30,00;4001CH
388;10-11-2025;CUST388;Male;50;Electronics;1;€ 25,00;€ 25,00;4001CH
389;1-12-2025;CUST389;Male;21;Clothing;2;€ 25,00;€ 50,00;4001CH
390;28-9-2025;CUST390;Male;39;Electronics;2;€ 50,00;€ 100,00;4001CH
391;5-1-2025;CUST391;Male;19;Beauty;2;€ 25,00;€ 50,00;4001CH
392;8-12-2025;CUST392;Male;27;Clothing;2;€ 300,00;€ 600,00;4001CH
393;11-10-2025;CUST393;Female;22;Beauty;2;€ 500,00;€ 1.000,00;4001CH
394;3-6-2025;CUST394;Female;27;Clothing;1;€ 500,00;€ 500,00;4001CH
395;6-12-2025;CUST395;Male;50;Electronics;2;€ 500,00;€ 1.000,00;4001CH
396;23-2-2025;CUST396;Female;55;Beauty;1;€ 30,00;€ 30,00;4001CH
397;10-3-2025;CUST397;Female;30;Beauty;1;€ 25,00;€ 25,00;4001CH
398;16-5-2025;CUST398;Female;48;Clothing;2;€ 300,00;€ 600,00;4001CH
399;1-3-2025;CUST399;Female;64;Beauty;2;€ 30,00;€ 60,00;4001CH
400;24-2-2025;CUST400;Male;53;Clothing;4;€ 50,00;€ 200,00;4001CH
401;11-10-2025;CUST401;Female;62;Clothing;1;€ 300,00;€ 300,00;4001CH
402;21-3-2025;CUST402;Female;41;Clothing;2;€ 300,00;€ 600,00;4001CH
403;20-5-2025;CUST403;Male;32;Clothing;2;€ 300,00;€ 600,00;4001CH
404;25-5-2025;CUST404;Male;46;Electronics;2;€ 500,00;€ 1.000,00;4001CH
405;6-11-2025;CUST405;Female;25;Clothing;4;€ 300,00;€ 1.200,00;4001CH
406;18-4-2025;CUST406;Female;22;Beauty;4;€ 25,00;€ 100,00;4001CH
407;25-6-2025;CUST407;Female;46;Electronics;3;€ 300,00;€ 900,00;4001CH
408;15-4-2025;CUST408;Female;64;Beauty;1;€ 500,00;€ 500,00;4001CH
409;18-12-2025;CUST409;Female;21;Electronics;3;€ 300,00;€ 900,00;4001CH
410;21-11-2025;CUST410;Female;29;Clothing;2;€ 50,00;€ 100,00;4001CH
411;16-5-2025;CUST411;Male;62;Electronics;4;€ 50,00;€ 200,00;4001CH
412;16-9-2025;CUST412;Female;19;Electronics;4;€ 500,00;€ 2.000,00;4001CH
413;8-9-2025;CUST413;Female;44;Beauty;3;€ 25,00;€ 75,00;4001CH
414;9-5-2025;CUST414;Male;48;Beauty;4;€ 25,00;€ 100,00;4001CH
415;27-1-2025;CUST415;Male;53;Clothing;2;€ 30,00;€ 60,00;4001CH
416;17-2-2025;CUST416;Male;53;Electronics;4;€ 500,00;€ 2.000,00;4001CH
417;21-11-2025;CUST417;Male;43;Electronics;3;€ 300,00;€ 900,00;4001CH
418;5-8-2025;CUST418;Female;60;Electronics;2;€ 500,00;€ 1.000,00;4001CH
419;22-5-2025;CUST419;Female;44;Clothing;3;€ 30,00;€ 90,00;4001CH
420;23-1-2025;CUST420;Female;22;Clothing;4;€ 500,00;€ 2.000,00;4001CH
421;2-1-2025;CUST421;Female;37;Clothing;3;€ 500,00;€ 1.500,00;4001CH
422;20-6-2025;CUST422;Female;28;Clothing;3;€ 30,00;€ 90,00;4001CH
423;8-3-2025;CUST423;Female;27;Clothing;1;€ 25,00;€ 25,00;4001CH
424;23-11-2025;CUST424;Male;57;Beauty;4;€ 300,00;€ 1.200,00;4001CH
425;15-5-2025;CUST425;Female;55;Electronics;4;€ 30,00;€ 120,00;4001CH
426;24-3-2025;CUST426;Male;23;Electronics;3;€ 50,00;€ 150,00;4001CH
427;15-8-2025;CUST427;Male;25;Electronics;1;€ 25,00;€ 25,00;4001CH
428;10-10-2025;CUST428;Female;40;Electronics;4;€ 50,00;€ 200,00;4001CH
429;28-12-2025;CUST429;Male;64;Electronics;2;€ 25,00;€ 50,00;4001CH
430;7-8-2025;CUST430;Female;43;Electronics;3;€ 300,00;€ 900,00;4001CH
431;15-10-2025;CUST431;Male;63;Electronics;4;€ 300,00;€ 1.200,00;4001CH
432;5-1-2025;CUST432;Female;60;Electronics;2;€ 500,00;€ 1.000,00;4001CH
433;27-2-2025;CUST433;Male;29;Beauty;4;€ 50,00;€ 200,00;4001CH
434;8-2-2025;CUST434;Female;43;Electronics;2;€ 25,00;€ 50,00;4001CH
435;20-12-2025;CUST435;Female;30;Beauty;3;€ 300,00;€ 900,00;4001CH
436;18-3-2025;CUST436;Female;57;Clothing;4;€ 30,00;€ 120,00;4001CH
437;7-10-2025;CUST437;Female;35;Electronics;4;€ 300,00;€ 1.200,00;4001CH
438;19-1-2025;CUST438;Female;42;Clothing;1;€ 30,00;€ 30,00;4001CH
439;9-7-2025;CUST439;Male;50;Clothing;3;€ 25,00;€ 75,00;4001CH
440;26-10-2025;CUST440;Male;64;Clothing;2;€ 300,00;€ 600,00;4001CH
441;10-10-2025;CUST441;Male;57;Beauty;4;€ 300,00;€ 1.200,00;4001CH
442;17-3-2025;CUST442;Female;60;Clothing;4;€ 25,00;€ 100,00;4001CH
443;9-8-2025;CUST443;Male;29;Clothing;2;€ 300,00;€ 600,00;4001CH
444;7-3-2025;CUST444;Female;61;Clothing;3;€ 30,00;€ 90,00;4001CH
445;22-1-2025;CUST445;Female;53;Electronics;1;€ 300,00;€ 300,00;4001CH
446;7-6-2025;CUST446;Male;21;Electronics;1;€ 50,00;€ 50,00;4001CH
447;6-7-2025;CUST447;Male;22;Beauty;4;€ 500,00;€ 2.000,00;4001CH
448;21-1-2025;CUST448;Female;54;Beauty;2;€ 30,00;€ 60,00;4001CH
449;3-7-2025;CUST449;Male;25;Electronics;4;€ 50,00;€ 200,00;4001CH
450;18-4-2025;CUST450;Female;59;Beauty;2;€ 25,00;€ 50,00;4001CH
451;16-12-2025;CUST451;Female;45;Electronics;1;€ 30,00;€ 30,00;4001CH
452;8-5-2025;CUST452;Female;48;Clothing;3;€ 500,00;€ 1.500,00;4001CH
453;8-12-2025;CUST453;Female;26;Clothing;2;€ 500,00;€ 1.000,00;4001CH
454;22-2-2025;CUST454;Female;46;Beauty;1;€ 25,00;€ 25,00;4001CH
455;1-7-2025;CUST455;Male;31;Electronics;4;€ 25,00;€ 100,00;4001CH
456;14-10-2025;CUST456;Male;57;Electronics;2;€ 30,00;€ 60,00;4001CH
457;28-7-2025;CUST457;Female;58;Beauty;3;€ 300,00;€ 900,00;4001CH
458;14-11-2025;CUST458;Female;39;Electronics;4;€ 25,00;€ 100,00;4001CH
459;21-3-2025;CUST459;Male;28;Clothing;4;€ 300,00;€ 1.200,00;4001CH
460;2-5-2025;CUST460;Male;40;Beauty;1;€ 50,00;€ 50,00;4001CH
461;25-3-2025;CUST461;Female;18;Beauty;2;€ 500,00;€ 1.000,00;4001CH
462;1-4-2025;CUST462;Male;63;Electronics;4;€ 300,00;€ 1.200,00;4001CH
463;31-7-2025;CUST463;Female;54;Beauty;3;€ 500,00;€ 1.500,00;4001CH
464;13-1-2025;CUST464;Male;38;Electronics;2;€ 300,00;€ 600,00;4001CH
465;2-4-2025;CUST465;Female;43;Electronics;3;€ 50,00;€ 150,00;4001CH
466;20-6-2025;CUST466;Male;63;Electronics;4;€ 25,00;€ 100,00;4001CH
467;30-7-2025;CUST467;Female;53;Electronics;3;€ 50,00;€ 150,00;4001CH
468;9-12-2025;CUST468;Male;40;Electronics;1;€ 25,00;€ 25,00;4001CH
469;8-5-2025;CUST469;Male;18;Beauty;3;€ 25,00;€ 75,00;4001CH
470;17-5-2025;CUST470;Female;57;Clothing;2;€ 500,00;€ 1.000,00;4001CH
471;23-3-2025;CUST471;Male;32;Clothing;3;€ 50,00;€ 150,00;4001CH
472;26-12-2025;CUST472;Female;38;Beauty;3;€ 300,00;€ 900,00;4001CH
473;25-2-2025;CUST473;Male;64;Beauty;1;€ 50,00;€ 50,00;4001CH
474;15-7-2025;CUST474;Female;26;Clothing;3;€ 500,00;€ 1.500,00;4001CH
475;20-1-2025;CUST475;Male;26;Clothing;3;€ 25,00;€ 75,00;4001CH
476;29-8-2025;CUST476;Female;27;Clothing;4;€ 500,00;€ 2.000,00;4001CH
477;24-4-2025;CUST477;Male;43;Clothing;4;€ 30,00;€ 120,00;4001CH
478;13-4-2025;CUST478;Female;58;Clothing;2;€ 30,00;€ 60,00;4001CH
479;24-8-2025;CUST479;Male;52;Electronics;4;€ 300,00;€ 1.200,00;4001CH
480;29-6-2025;CUST480;Female;42;Beauty;4;€ 500,00;€ 2.000,00;4001CH
481;6-6-2025;CUST481;Female;43;Electronics;4;€ 300,00;€ 1.200,00;4001CH
482;27-4-2025;CUST482;Female;28;Clothing;4;€ 300,00;€ 1.200,00;4001CH
483;25-4-2025;CUST483;Male;55;Clothing;1;€ 30,00;€ 30,00;4001CH
484;13-1-2025;CUST484;Female;19;Clothing;4;€ 300,00;€ 1.200,00;4001CH
485;4-12-2025;CUST485;Male;24;Electronics;1;€ 30,00;€ 30,00;4001CH
486;9-4-2025;CUST486;Female;35;Electronics;1;€ 25,00;€ 25,00;4001CH
487;24-7-2025;CUST487;Male;44;Clothing;4;€ 500,00;€ 2.000,00;4001CH
488;18-6-2025;CUST488;Female;51;Electronics;3;€ 300,00;€ 900,00;4001CH
489;23-5-2025;CUST489;Male;44;Electronics;1;€ 30,00;€ 30,00;4001CH
490;5-2-2025;CUST490;Male;34;Clothing;3;€ 50,00;€ 150,00;4001CH
491;23-5-2025;CUST491;Female;60;Electronics;3;€ 300,00;€ 900,00;4001CH
492;29-6-2025;CUST492;Male;61;Beauty;4;€ 25,00;€ 100,00;4001CH
493;25-11-2025;CUST493;Male;41;Beauty;2;€ 25,00;€ 50,00;4001CH
494;18-9-2025;CUST494;Female;42;Beauty;4;€ 50,00;€ 200,00;4001CH
495;24-7-2025;CUST495;Male;24;Beauty;2;€ 30,00;€ 60,00;4001CH
496;14-12-2025;CUST496;Male;23;Clothing;2;€ 300,00;€ 600,00;4001CH
497;2-10-2025;CUST497;Male;41;Clothing;4;€ 30,00;€ 120,00;4001CH
498;19-6-2025;CUST498;Female;50;Clothing;4;€ 25,00;€ 100,00;4001CH
499;15-1-2025;CUST499;Male;46;Beauty;2;€ 30,00;€ 60,00;4001CH
500;1-3-2025;CUST500;Female;60;Beauty;4;€ 25,00;€ 100,00;4001CH
501;14-5-2025;CUST501;Male;39;Electronics;2;€ 30,00;€ 60,00;4001CH
502;2-4-2025;CUST502;Male;43;Electronics;3;€ 50,00;€ 150,00;4001CH
503;25-10-2025;CUST503;Male;45;Beauty;4;€ 500,00;€ 2.000,00;4001CH
504;16-5-2025;CUST504;Female;38;Beauty;3;€ 50,00;€ 150,00;4001CH
505;20-1-2025;CUST505;Male;24;Beauty;1;€ 50,00;€ 50,00;4001CH
506;25-2-2025;CUST506;Male;34;Beauty;3;€ 500,00;€ 1.500,00;4001CH
507;2-11-2025;CUST507;Female;37;Electronics;3;€ 500,00;€ 1.500,00;4001CH
508;11-8-2025;CUST508;Male;58;Beauty;2;€ 300,00;€ 600,00;4001CH
509;26-6-2025;CUST509;Female;37;Electronics;3;€ 300,00;€ 900,00;4001CH
510;10-6-2025;CUST510;Female;39;Beauty;4;€ 50,00;€ 200,00;4001CH
511;12-8-2025;CUST511;Male;45;Beauty;2;€ 50,00;€ 100,00;4001CH
512;7-11-2025;CUST512;Female;57;Beauty;1;€ 25,00;€ 25,00;4001CH
513;19-9-2025;CUST513;Male;24;Electronics;4;€ 25,00;€ 100,00;4001CH
514;1-3-2025;CUST514;Female;18;Electronics;1;€ 300,00;€ 300,00;4001CH
515;17-7-2025;CUST515;Female;49;Clothing;3;€ 300,00;€ 900,00;4001CH
516;23-10-2025;CUST516;Male;30;Beauty;4;€ 25,00;€ 100,00;4001CH
517;8-4-2025;CUST517;Female;47;Clothing;4;€ 25,00;€ 100,00;4001CH
518;11-5-2025;CUST518;Female;40;Clothing;1;€ 30,00;€ 30,00;4001CH
519;23-1-2025;CUST519;Female;36;Electronics;4;€ 30,00;€ 120,00;4001CH
520;29-12-2025;CUST520;Female;49;Electronics;4;€ 25,00;€ 100,00;4001CH
521;12-8-2025;CUST521;Female;47;Clothing;4;€ 30,00;€ 120,00;4001CH
522;1-1-2025;CUST522;Male;46;Beauty;3;€ 500,00;€ 1.500,00;4001CH
523;24-9-2025;CUST523;Female;62;Electronics;1;€ 300,00;€ 300,00;4001CH
524;3-10-2025;CUST524;Male;46;Beauty;4;€ 300,00;€ 1.200,00;4001CH
525;18-12-2025;CUST525;Female;47;Beauty;2;€ 25,00;€ 50,00;4001CH
526;10-12-2025;CUST526;Male;33;Clothing;2;€ 50,00;€ 100,00;4001CH
527;11-4-2025;CUST527;Male;57;Clothing;2;€ 25,00;€ 50,00;4001CH
528;6-7-2025;CUST528;Female;36;Clothing;2;€ 30,00;€ 60,00;4001CH
529;9-8-2025;CUST529;Female;35;Clothing;3;€ 50,00;€ 150,00;4001CH
530;5-2-2025;CUST530;Female;18;Electronics;4;€ 30,00;€ 120,00;4001CH
531;7-12-2025;CUST531;Male;31;Electronics;1;€ 500,00;€ 500,00;4001CH
532;19-6-2025;CUST532;Female;64;Clothing;4;€ 30,00;€ 120,00;4001CH
533;16-11-2025;CUST533;Male;19;Electronics;3;€ 500,00;€ 1.500,00;4001CH
534;10-6-2025;CUST534;Male;45;Clothing;2;€ 500,00;€ 1.000,00;4001CH
535;6-12-2025;CUST535;Male;47;Beauty;3;€ 30,00;€ 90,00;4001CH
536;5-3-2025;CUST536;Female;55;Beauty;4;€ 30,00;€ 120,00;4001CH
537;3-6-2025;CUST537;Female;21;Beauty;1;€ 500,00;€ 500,00;4001CH
538;17-9-2025;CUST538;Male;18;Clothing;3;€ 50,00;€ 150,00;4001CH
539;8-6-2025;CUST539;Male;25;Beauty;1;€ 500,00;€ 500,00;4001CH
540;8-12-2025;CUST540;Female;46;Electronics;3;€ 300,00;€ 900,00;4001CH
541;29-7-2025;CUST541;Male;56;Beauty;1;€ 500,00;€ 500,00;4001CH
542;17-6-2025;CUST542;Female;20;Beauty;1;€ 50,00;€ 50,00;4001CH
543;26-7-2025;CUST543;Male;49;Beauty;2;€ 300,00;€ 600,00;4001CH
544;23-12-2025;CUST544;Female;27;Electronics;1;€ 25,00;€ 25,00;4001CH
545;1-6-2025;CUST545;Male;27;Clothing;2;€ 25,00;€ 50,00;4001CH
546;11-10-2025;CUST546;Female;36;Electronics;4;€ 50,00;€ 200,00;4001CH
547;7-3-2025;CUST547;Male;63;Clothing;4;€ 500,00;€ 2.000,00;4001CH
548;9-4-2025;CUST548;Female;51;Clothing;2;€ 30,00;€ 60,00;4001CH
549;4-8-2025;CUST549;Female;50;Beauty;2;€ 50,00;€ 100,00;4001CH
550;7-12-2025;CUST550;Male;40;Clothing;3;€ 300,00;€ 900,00;4001CH
551;14-7-2025;CUST551;Male;45;Electronics;3;€ 300,00;€ 900,00;4001CH
552;13-12-2025;CUST552;Female;49;Electronics;3;€ 25,00;€ 75,00;4001CH
553;31-3-2025;CUST553;Male;24;Clothing;4;€ 300,00;€ 1.200,00;4001CH
554;12-11-2025;CUST554;Female;46;Beauty;3;€ 50,00;€ 150,00;4001CH
555;19-10-2025;CUST555;Male;25;Beauty;1;€ 300,00;€ 300,00;4001CH
556;4-6-2025;CUST556;Female;18;Electronics;1;€ 50,00;€ 50,00;4001CH
557;27-7-2025;CUST557;Female;20;Beauty;3;€ 30,00;€ 90,00;4001CH
558;8-10-2025;CUST558;Female;41;Clothing;1;€ 25,00;€ 25,00;4001CH
559;1-1-2025;CUST559;Female;40;Clothing;4;€ 300,00;€ 1.200,00;4001CH
560;5-6-2025;CUST560;Female;25;Electronics;1;€ 50,00;€ 50,00;4001CH
561;27-5-2025;CUST561;Female;64;Clothing;4;€ 500,00;€ 2.000,00;4001CH
562;18-4-2025;CUST562;Male;54;Electronics;2;€ 25,00;€ 50,00;4001CH
563;9-8-2025;CUST563;Male;20;Clothing;2;€ 30,00;€ 60,00;4001CH
564;24-10-2025;CUST564;Male;50;Electronics;2;€ 50,00;€ 100,00;4001CH
565;7-11-2025;CUST565;Female;45;Beauty;2;€ 30,00;€ 60,00;4001CH
566;2-12-2025;CUST566;Female;64;Clothing;1;€ 30,00;€ 30,00;4001CH
567;14-6-2025;CUST567;Female;25;Clothing;3;€ 300,00;€ 900,00;4001CH
568;27-8-2025;CUST568;Female;51;Electronics;1;€ 300,00;€ 300,00;4001CH
569;15-8-2025;CUST569;Male;52;Electronics;4;€ 50,00;€ 200,00;4001CH
570;15-8-2025;CUST570;Male;49;Clothing;1;€ 500,00;€ 500,00;4001CH
571;12-12-2025;CUST571;Female;41;Electronics;1;€ 50,00;€ 50,00;4001CH
572;20-4-2025;CUST572;Male;31;Clothing;4;€ 500,00;€ 2.000,00;4001CH
573;19-9-2025;CUST573;Male;49;Beauty;2;€ 30,00;€ 60,00;4001CH
574;31-8-2025;CUST574;Female;63;Electronics;2;€ 25,00;€ 50,00;4001CH
575;28-3-2025;CUST575;Male;60;Clothing;2;€ 50,00;€ 100,00;4001CH
576;4-12-2025;CUST576;Female;33;Beauty;3;€ 50,00;€ 150,00;4001CH
577;13-2-2025;CUST577;Male;21;Beauty;4;€ 500,00;€ 2.000,00;4001CH
578;26-5-2025;CUST578;Female;54;Clothing;4;€ 30,00;€ 120,00;4001CH
579;21-9-2025;CUST579;Female;38;Electronics;1;€ 30,00;€ 30,00;4001CH
580;6-12-2025;CUST580;Female;31;Clothing;3;€ 500,00;€ 1.500,00;4001CH
581;21-11-2025;CUST581;Female;48;Beauty;2;€ 30,00;€ 60,00;4001CH
582;14-11-2025;CUST582;Male;35;Clothing;3;€ 300,00;€ 900,00;4001CH
583;21-6-2025;CUST583;Female;24;Electronics;4;€ 25,00;€ 100,00;4001CH
584;17-2-2025;CUST584;Female;27;Beauty;4;€ 50,00;€ 200,00;4001CH
585;1-5-2025;CUST585;Female;24;Clothing;1;€ 25,00;€ 25,00;4001CH
586;11-12-2025;CUST586;Male;50;Electronics;1;€ 50,00;€ 50,00;4001CH
587;8-6-2025;CUST587;Female;40;Beauty;4;€ 300,00;€ 1.200,00;4001CH
588;26-4-2025;CUST588;Male;38;Electronics;2;€ 30,00;€ 60,00;4001CH
589;12-4-2025;CUST589;Female;36;Beauty;2;€ 500,00;€ 1.000,00;4001CH
590;17-3-2025;CUST590;Male;36;Clothing;3;€ 300,00;€ 900,00;4001CH
591;13-1-2025;CUST591;Male;53;Electronics;4;€ 25,00;€ 100,00;4001CH
592;24-1-2025;CUST592;Female;46;Beauty;4;€ 500,00;€ 2.000,00;4001CH
593;6-5-2025;CUST593;Male;35;Electronics;2;€ 30,00;€ 60,00;4001CH
594;1-9-2025;CUST594;Female;19;Electronics;2;€ 300,00;€ 600,00;4001CH
595;9-11-2025;CUST595;Female;18;Clothing;4;€ 500,00;€ 2.000,00;4001CH
596;7-2-2025;CUST596;Female;64;Electronics;1;€ 300,00;€ 300,00;4001CH
597;22-8-2025;CUST597;Male;22;Beauty;4;€ 300,00;€ 1.200,00;4001CH
598;1-8-2025;CUST598;Male;37;Beauty;4;€ 30,00;€ 120,00;4001CH
599;19-11-2025;CUST599;Female;28;Beauty;2;€ 50,00;€ 100,00;4001CH
600;22-10-2025;CUST600;Female;59;Beauty;2;€ 500,00;€ 1.000,00;4001CH
601;10-4-2025;CUST601;Male;19;Clothing;1;€ 30,00;€ 30,00;4001CH
602;23-12-2025;CUST602;Female;20;Electronics;1;€ 300,00;€ 300,00;4001CH
603;16-7-2025;CUST603;Female;40;Clothing;3;€ 30,00;€ 90,00;4001CH
604;11-9-2025;CUST604;Female;29;Electronics;4;€ 50,00;€ 200,00;4001CH
605;24-7-2025;CUST605;Male;37;Electronics;2;€ 500,00;€ 1.000,00;4001CH
606;5-5-2025;CUST606;Male;22;Electronics;1;€ 50,00;€ 50,00;4001CH
607;17-3-2025;CUST607;Male;54;Clothing;3;€ 25,00;€ 75,00;4001CH
608;2-12-2025;CUST608;Female;55;Electronics;3;€ 500,00;€ 1.500,00;4001CH
609;19-12-2025;CUST609;Female;47;Clothing;2;€ 50,00;€ 100,00;4001CH
610;3-1-2025;CUST610;Female;26;Beauty;2;€ 300,00;€ 600,00;4001CH
611;24-2-2025;CUST611;Male;51;Beauty;3;€ 500,00;€ 1.500,00;4001CH
612;6-8-2025;CUST612;Female;61;Electronics;1;€ 500,00;€ 500,00;4001CH
613;23-4-2025;CUST613;Female;52;Clothing;3;€ 30,00;€ 90,00;4001CH
614;1-4-2025;CUST614;Female;39;Beauty;4;€ 300,00;€ 1.200,00;4001CH
615;23-12-2025;CUST615;Female;61;Clothing;4;€ 25,00;€ 100,00;4001CH
616;23-9-2025;CUST616;Male;41;Clothing;2;€ 50,00;€ 100,00;4001CH
617;26-8-2025;CUST617;Male;34;Electronics;1;€ 30,00;€ 30,00;4001CH
618;26-1-2025;CUST618;Female;27;Beauty;1;€ 50,00;€ 50,00;4001CH
619;13-10-2025;CUST619;Male;47;Electronics;4;€ 25,00;€ 100,00;4001CH
620;8-5-2025;CUST620;Male;63;Electronics;3;€ 25,00;€ 75,00;4001CH
621;4-3-2025;CUST621;Female;40;Beauty;2;€ 500,00;€ 1.000,00;4001CH
622;22-8-2025;CUST622;Female;49;Beauty;3;€ 25,00;€ 75,00;4001CH
623;10-3-2025;CUST623;Male;34;Clothing;3;€ 50,00;€ 150,00;4001CH
624;26-8-2025;CUST624;Female;34;Beauty;3;€ 300,00;€ 900,00;4001CH
625;8-12-2025;CUST625;Male;31;Clothing;1;€ 300,00;€ 300,00;4001CH
626;29-9-2025;CUST626;Female;26;Clothing;4;€ 500,00;€ 2.000,00;4001CH
627;14-10-2025;CUST627;Male;57;Clothing;1;€ 50,00;€ 50,00;4001CH
628;1-11-2025;CUST628;Female;19;Beauty;4;€ 50,00;€ 200,00;4001CH
629;12-6-2025;CUST629;Male;62;Electronics;2;€ 25,00;€ 50,00;4001CH
630;15-8-2025;CUST630;Male;42;Clothing;2;€ 50,00;€ 100,00;4001CH
631;10-11-2025;CUST631;Male;56;Electronics;3;€ 30,00;€ 90,00;4001CH
632;16-9-2025;CUST632;Female;26;Electronics;4;€ 25,00;€ 100,00;4001CH
633;7-8-2025;CUST633;Male;39;Beauty;4;€ 30,00;€ 120,00;4001CH
634;8-10-2025;CUST634;Male;60;Electronics;4;€ 500,00;€ 2.000,00;4001CH
635;17-8-2025;CUST635;Female;63;Electronics;3;€ 300,00;€ 900,00;4001CH
636;23-3-2025;CUST636;Female;21;Beauty;3;€ 500,00;€ 1.500,00;4001CH
637;1-9-2025;CUST637;Male;43;Clothing;2;€ 300,00;€ 600,00;4001CH
638;19-8-2025;CUST638;Male;46;Electronics;1;€ 500,00;€ 500,00;4001CH
639;13-5-2025;CUST639;Female;62;Beauty;4;€ 50,00;€ 200,00;4001CH
640;7-5-2025;CUST640;Female;51;Electronics;4;€ 30,00;€ 120,00;4001CH
641;23-11-2025;CUST641;Female;40;Electronics;1;€ 300,00;€ 300,00;4001CH
642;22-5-2025;CUST642;Female;54;Clothing;4;€ 25,00;€ 100,00;4001CH
643;24-9-2025;CUST643;Female;28;Electronics;3;€ 30,00;€ 90,00;4001CH
644;6-9-2025;CUST644;Male;23;Beauty;3;€ 25,00;€ 75,00;4001CH
645;17-11-2025;CUST645;Female;35;Electronics;4;€ 30,00;€ 120,00;4001CH
646;3-5-2025;CUST646;Male;38;Clothing;3;€ 30,00;€ 90,00;4001CH
647;21-5-2025;CUST647;Male;59;Clothing;3;€ 500,00;€ 1.500,00;4001CH
648;14-8-2025;CUST648;Male;53;Beauty;4;€ 300,00;€ 1.200,00;4001CH
649;9-2-2025;CUST649;Female;58;Clothing;2;€ 300,00;€ 600,00;4001CH
650;1-1-2024;CUST650;Male;55;Electronics;1;€ 30,00;€ 30,00;4001CH
651;27-5-2025;CUST651;Male;51;Clothing;3;€ 50,00;€ 150,00;4001CH
652;1-5-2025;CUST652;Female;34;Beauty;2;€ 50,00;€ 100,00;4001CH
653;20-5-2025;CUST653;Male;54;Clothing;3;€ 25,00;€ 75,00;4001CH
654;21-6-2025;CUST654;Male;42;Clothing;3;€ 25,00;€ 75,00;4001CH
655;13-6-2025;CUST655;Female;55;Clothing;1;€ 500,00;€ 500,00;4001CH
656;4-10-2025;CUST656;Male;29;Beauty;3;€ 30,00;€ 90,00;4001CH
657;11-2-2025;CUST657;Male;40;Clothing;1;€ 25,00;€ 25,00;4001CH
658;12-3-2025;CUST658;Male;59;Clothing;1;€ 25,00;€ 25,00;4001CH
659;19-3-2025;CUST659;Female;39;Electronics;1;€ 30,00;€ 30,00;4001CH
660;29-4-2025;CUST660;Female;38;Beauty;2;€ 500,00;€ 1.000,00;4001CH
661;16-7-2025;CUST661;Female;44;Clothing;4;€ 25,00;€ 100,00;4001CH
662;22-12-2025;CUST662;Male;48;Beauty;2;€ 500,00;€ 1.000,00;4001CH
663;20-3-2025;CUST663;Male;23;Clothing;4;€ 300,00;€ 1.200,00;4001CH
664;28-12-2025;CUST664;Female;44;Clothing;4;€ 500,00;€ 2.000,00;4001CH
665;20-4-2025;CUST665;Male;57;Clothing;1;€ 50,00;€ 50,00;4001CH
666;2-2-2025;CUST666;Male;51;Electronics;3;€ 50,00;€ 150,00;4001CH
667;1-8-2025;CUST667;Female;29;Electronics;1;€ 500,00;€ 500,00;4001CH
668;28-7-2025;CUST668;Female;62;Electronics;3;€ 50,00;€ 150,00;4001CH
669;19-6-2025;CUST669;Male;24;Beauty;4;€ 300,00;€ 1.200,00;4001CH
670;5-10-2025;CUST670;Male;27;Beauty;1;€ 30,00;€ 30,00;4001CH
671;27-8-2025;CUST671;Male;62;Electronics;3;€ 50,00;€ 150,00;4001CH
672;1-8-2025;CUST672;Female;34;Beauty;2;€ 50,00;€ 100,00;4001CH
673;1-2-2025;CUST673;Female;43;Clothing;3;€ 500,00;€ 1.500,00;4001CH
674;16-4-2025;CUST674;Female;38;Clothing;1;€ 300,00;€ 300,00;4001CH
675;4-8-2025;CUST675;Female;45;Clothing;2;€ 30,00;€ 60,00;4001CH
676;19-7-2025;CUST676;Male;63;Electronics;3;€ 500,00;€ 1.500,00;4001CH
677;27-10-2025;CUST677;Female;19;Beauty;3;€ 500,00;€ 1.500,00;4001CH
678;23-12-2025;CUST678;Female;60;Electronics;3;€ 300,00;€ 900,00;4001CH
679;11-1-2025;CUST679;Female;18;Beauty;3;€ 30,00;€ 90,00;4001CH
680;22-10-2025;CUST680;Female;53;Clothing;3;€ 300,00;€ 900,00;4001CH
681;14-7-2025;CUST681;Female;43;Electronics;2;€ 30,00;€ 60,00;4001CH
682;2-9-2025;CUST682;Male;46;Beauty;4;€ 300,00;€ 1.200,00;4001CH
683;4-1-2025;CUST683;Male;38;Beauty;2;€ 500,00;€ 1.000,00;4001CH
684;30-6-2025;CUST684;Female;28;Clothing;2;€ 500,00;€ 1.000,00;4001CH
685;2-6-2025;CUST685;Male;57;Electronics;2;€ 25,00;€ 50,00;4001CH
686;19-7-2025;CUST686;Female;28;Electronics;4;€ 50,00;€ 200,00;4001CH
687;3-8-2025;CUST687;Female;53;Electronics;1;€ 300,00;€ 300,00;4001CH
688;3-10-2025;CUST688;Male;56;Clothing;4;€ 25,00;€ 100,00;4001CH
689;7-10-2025;CUST689;Male;57;Electronics;2;€ 50,00;€ 100,00;4001CH
690;5-11-2025;CUST690;Female;52;Clothing;3;€ 300,00;€ 900,00;4001CH
691;23-4-2025;CUST691;Female;51;Clothing;3;€ 30,00;€ 90,00;4001CH
692;7-9-2025;CUST692;Female;64;Clothing;2;€ 50,00;€ 100,00;4001CH
693;23-4-2025;CUST693;Male;41;Beauty;3;€ 500,00;€ 1.500,00;4001CH
694;20-5-2025;CUST694;Female;39;Electronics;2;€ 25,00;€ 50,00;4001CH
695;12-8-2025;CUST695;Female;22;Electronics;3;€ 50,00;€ 150,00;4001CH
696;6-9-2025;CUST696;Female;50;Clothing;4;€ 50,00;€ 200,00;4001CH
697;15-1-2025;CUST697;Male;53;Clothing;1;€ 500,00;€ 500,00;4001CH
698;19-7-2025;CUST698;Female;64;Electronics;1;€ 300,00;€ 300,00;4001CH
699;22-6-2025;CUST699;Female;37;Clothing;4;€ 30,00;€ 120,00;4001CH
700;9-12-2025;CUST700;Male;36;Electronics;4;€ 500,00;€ 2.000,00;4001CH
701;14-12-2025;CUST701;Female;52;Beauty;2;€ 30,00;€ 60,00;4001CH
702;27-7-2025;CUST702;Female;60;Clothing;2;€ 300,00;€ 600,00;4001CH
703;26-3-2025;CUST703;Male;34;Electronics;2;€ 50,00;€ 100,00;4001CH
704;28-8-2025;CUST704;Female;62;Clothing;3;€ 30,00;€ 90,00;4001CH
705;7-3-2025;CUST705;Male;60;Electronics;2;€ 25,00;€ 50,00;4001CH
706;15-11-2025;CUST706;Male;51;Electronics;4;€ 25,00;€ 100,00;4001CH
707;1-10-2025;CUST707;Female;26;Clothing;1;€ 500,00;€ 500,00;4001CH
708;14-1-2025;CUST708;Female;43;Beauty;3;€ 300,00;€ 900,00;4001CH
709;21-7-2025;CUST709;Female;19;Electronics;2;€ 500,00;€ 1.000,00;4001CH
710;31-10-2025;CUST710;Female;26;Electronics;3;€ 500,00;€ 1.500,00;4001CH
711;16-10-2025;CUST711;Male;26;Electronics;3;€ 500,00;€ 1.500,00;4001CH
712;6-12-2025;CUST712;Female;57;Beauty;2;€ 25,00;€ 50,00;4001CH
713;14-1-2025;CUST713;Male;34;Beauty;3;€ 25,00;€ 75,00;4001CH
714;12-2-2025;CUST714;Female;18;Clothing;1;€ 500,00;€ 500,00;4001CH
715;26-11-2025;CUST715;Female;42;Beauty;4;€ 25,00;€ 100,00;4001CH
716;8-8-2025;CUST716;Female;60;Clothing;4;€ 300,00;€ 1.200,00;4001CH
717;11-3-2025;CUST717;Male;57;Clothing;1;€ 500,00;€ 500,00;4001CH
718;25-8-2025;CUST718;Female;59;Beauty;3;€ 25,00;€ 75,00;4001CH
719;4-4-2025;CUST719;Female;42;Clothing;2;€ 30,00;€ 60,00;4001CH
720;26-1-2025;CUST720;Female;56;Beauty;3;€ 500,00;€ 1.500,00;4001CH
721;14-5-2025;CUST721;Female;52;Clothing;1;€ 500,00;€ 500,00;4001CH
722;14-7-2025;CUST722;Male;20;Beauty;3;€ 300,00;€ 900,00;4001CH
723;17-6-2025;CUST723;Female;54;Beauty;4;€ 50,00;€ 200,00;4001CH
724;19-4-2025;CUST724;Male;61;Clothing;3;€ 50,00;€ 150,00;4001CH
725;21-8-2025;CUST725;Male;61;Electronics;1;€ 300,00;€ 300,00;4001CH
726;17-6-2025;CUST726;Male;47;Clothing;4;€ 300,00;€ 1.200,00;4001CH
727;22-6-2025;CUST727;Male;55;Beauty;3;€ 300,00;€ 900,00;4001CH
728;14-7-2025;CUST728;Male;51;Electronics;3;€ 50,00;€ 150,00;4001CH
729;23-5-2025;CUST729;Male;29;Clothing;4;€ 300,00;€ 1.200,00;4001CH
730;4-8-2025;CUST730;Female;36;Clothing;2;€ 25,00;€ 50,00;4001CH
731;10-5-2025;CUST731;Male;54;Clothing;4;€ 500,00;€ 2.000,00;4001CH
732;11-2-2025;CUST732;Male;61;Electronics;2;€ 500,00;€ 1.000,00;4001CH
733;29-8-2025;CUST733;Male;34;Beauty;1;€ 30,00;€ 30,00;4001CH
734;10-1-2025;CUST734;Female;27;Clothing;1;€ 30,00;€ 30,00;4001CH
735;4-10-2025;CUST735;Female;64;Clothing;4;€ 500,00;€ 2.000,00;4001CH
736;27-1-2025;CUST736;Male;29;Clothing;4;€ 25,00;€ 100,00;4001CH
737;29-6-2025;CUST737;Female;33;Clothing;1;€ 50,00;€ 50,00;4001CH
738;25-4-2025;CUST738;Male;41;Clothing;2;€ 50,00;€ 100,00;4001CH
739;29-11-2025;CUST739;Male;36;Beauty;1;€ 25,00;€ 25,00;4001CH
740;5-2-2025;CUST740;Female;25;Beauty;4;€ 50,00;€ 200,00;4001CH
741;30-11-2025;CUST741;Male;48;Clothing;1;€ 300,00;€ 300,00;4001CH
742;21-1-2025;CUST742;Female;38;Electronics;4;€ 500,00;€ 2.000,00;4001CH
743;16-1-2025;CUST743;Female;34;Beauty;4;€ 500,00;€ 2.000,00;4001CH
744;7-5-2025;CUST744;Male;40;Electronics;1;€ 25,00;€ 25,00;4001CH
745;13-4-2025;CUST745;Male;54;Beauty;2;€ 50,00;€ 100,00;4001CH
746;11-1-2025;CUST746;Female;33;Clothing;3;€ 30,00;€ 90,00;4001CH
747;15-11-2025;CUST747;Male;23;Beauty;1;€ 30,00;€ 30,00;4001CH
748;20-3-2025;CUST748;Male;25;Clothing;3;€ 50,00;€ 150,00;4001CH
749;3-5-2025;CUST749;Male;42;Beauty;1;€ 30,00;€ 30,00;4001CH
750;6-3-2025;CUST750;Female;35;Clothing;3;€ 25,00;€ 75,00;4001CH
751;31-8-2025;CUST751;Female;42;Clothing;2;€ 25,00;€ 50,00;4001CH
752;9-12-2025;CUST752;Male;29;Clothing;2;€ 50,00;€ 100,00;4001CH
753;28-2-2025;CUST753;Female;32;Clothing;1;€ 30,00;€ 30,00;4001CH
754;16-10-2025;CUST754;Female;43;Electronics;4;€ 25,00;€ 100,00;4001CH
755;22-4-2025;CUST755;Female;58;Clothing;3;€ 25,00;€ 75,00;4001CH
756;27-8-2025;CUST756;Female;62;Electronics;4;€ 300,00;€ 1.200,00;4001CH
757;25-12-2025;CUST757;Female;43;Electronics;4;€ 300,00;€ 1.200,00;4001CH
758;12-5-2025;CUST758;Male;64;Clothing;4;€ 25,00;€ 100,00;4001CH
759;8-7-2025;CUST759;Male;49;Electronics;2;€ 50,00;€ 100,00;4001CH
760;27-3-2025;CUST760;Male;27;Beauty;1;€ 500,00;€ 500,00;4001CH
761;7-11-2025;CUST761;Female;33;Clothing;1;€ 500,00;€ 500,00;4001CH
762;7-11-2025;CUST762;Female;24;Electronics;2;€ 25,00;€ 50,00;4001CH
763;28-2-2025;CUST763;Male;34;Clothing;2;€ 25,00;€ 50,00;4001CH
764;25-3-2025;CUST764;Female;40;Clothing;1;€ 25,00;€ 25,00;4001CH
765;9-6-2025;CUST765;Male;43;Clothing;4;€ 50,00;€ 200,00;4001CH
766;25-2-2025;CUST766;Male;38;Electronics;3;€ 300,00;€ 900,00;4001CH
767;24-10-2025;CUST767;Male;39;Beauty;3;€ 25,00;€ 75,00;4001CH
768;14-1-2025;CUST768;Female;24;Beauty;3;€ 25,00;€ 75,00;4001CH
769;9-6-2025;CUST769;Female;31;Electronics;4;€ 30,00;€ 120,00;4001CH
770;22-10-2025;CUST770;Male;32;Clothing;1;€ 50,00;€ 50,00;4001CH
771;13-12-2025;CUST771;Male;24;Electronics;2;€ 25,00;€ 50,00;4001CH
772;12-7-2025;CUST772;Male;26;Electronics;1;€ 30,00;€ 30,00;4001CH
773;23-7-2025;CUST773;Male;25;Electronics;4;€ 500,00;€ 2.000,00;4001CH
774;12-4-2025;CUST774;Female;40;Clothing;2;€ 25,00;€ 50,00;4001CH
775;8-2-2025;CUST775;Female;46;Electronics;4;€ 25,00;€ 100,00;4001CH
776;31-10-2025;CUST776;Male;35;Clothing;3;€ 30,00;€ 90,00;4001CH
777;20-12-2025;CUST777;Male;48;Electronics;3;€ 50,00;€ 150,00;4001CH
778;18-11-2025;CUST778;Female;47;Beauty;4;€ 25,00;€ 100,00;4001CH
779;5-5-2025;CUST779;Female;56;Electronics;2;€ 500,00;€ 1.000,00;4001CH
780;22-2-2025;CUST780;Male;52;Electronics;2;€ 25,00;€ 50,00;4001CH
781;23-12-2025;CUST781;Male;35;Beauty;1;€ 500,00;€ 500,00;4001CH
782;4-6-2025;CUST782;Male;59;Clothing;3;€ 300,00;€ 900,00;4001CH
783;17-12-2025;CUST783;Female;56;Clothing;1;€ 300,00;€ 300,00;4001CH
784;4-11-2025;CUST784;Female;34;Electronics;1;€ 500,00;€ 500,00;4001CH
785;3-3-2025;CUST785;Female;31;Beauty;4;€ 50,00;€ 200,00;4001CH
786;17-10-2025;CUST786;Male;48;Clothing;4;€ 25,00;€ 100,00;4001CH
787;22-1-2025;CUST787;Male;41;Electronics;1;€ 25,00;€ 25,00;4001CH
788;27-6-2025;CUST788;Female;52;Beauty;3;€ 300,00;€ 900,00;4001CH
789;30-9-2025;CUST789;Female;61;Clothing;4;€ 500,00;€ 2.000,00;4001CH
790;8-8-2025;CUST790;Male;62;Clothing;1;€ 25,00;€ 25,00;4001CH
791;5-12-2025;CUST791;Female;51;Beauty;1;€ 25,00;€ 25,00;4001CH
792;9-7-2025;CUST792;Female;20;Beauty;1;€ 50,00;€ 50,00;4001CH
793;5-2-2025;CUST793;Male;54;Beauty;1;€ 30,00;€ 30,00;4001CH
794;17-9-2025;CUST794;Female;60;Beauty;1;€ 300,00;€ 300,00;4001CH
795;28-11-2025;CUST795;Male;57;Electronics;1;€ 300,00;€ 300,00;4001CH
796;24-6-2025;CUST796;Male;43;Beauty;4;€ 30,00;€ 120,00;4001CH
797;7-1-2025;CUST797;Male;40;Clothing;3;€ 25,00;€ 75,00;4001CH
798;4-8-2025;CUST798;Male;61;Clothing;1;€ 50,00;€ 50,00;4001CH
799;8-9-2025;CUST799;Male;56;Electronics;2;€ 50,00;€ 100,00;4001CH
800;24-2-2025;CUST800;Male;32;Clothing;4;€ 300,00;€ 1.200,00;4001CH
801;10-8-2025;CUST801;Male;21;Clothing;4;€ 50,00;€ 200,00;4001CH
802;5-7-2025;CUST802;Female;46;Beauty;1;€ 30,00;€ 30,00;4001CH
803;22-11-2025;CUST803;Male;39;Clothing;4;€ 25,00;€ 100,00;4001CH
804;24-8-2025;CUST804;Male;42;Electronics;1;€ 30,00;€ 30,00;4001CH
805;29-12-2025;CUST805;Female;30;Beauty;3;€ 500,00;€ 1.500,00;4001CH
806;20-3-2025;CUST806;Female;35;Beauty;3;€ 300,00;€ 900,00;4001CH
807;11-8-2025;CUST807;Female;50;Electronics;4;€ 50,00;€ 200,00;4001CH
808;1-4-2025;CUST808;Male;33;Beauty;4;€ 500,00;€ 2.000,00;4001CH
809;25-9-2025;CUST809;Female;62;Beauty;2;€ 50,00;€ 100,00;4001CH
810;30-11-2025;CUST810;Male;59;Electronics;4;€ 25,00;€ 100,00;4001CH
811;19-5-2025;CUST811;Male;61;Beauty;2;€ 25,00;€ 50,00;4001CH
812;12-11-2025;CUST812;Male;19;Electronics;3;€ 25,00;€ 75,00;4001CH
813;3-10-2025;CUST813;Male;52;Electronics;3;€ 50,00;€ 150,00;4001CH
814;5-9-2025;CUST814;Female;59;Clothing;1;€ 500,00;€ 500,00;4001CH
815;27-8-2025;CUST815;Female;51;Clothing;3;€ 25,00;€ 75,00;4001CH
816;12-8-2025;CUST816;Male;47;Beauty;2;€ 500,00;€ 1.000,00;4001CH
817;31-10-2025;CUST817;Male;30;Beauty;4;€ 50,00;€ 200,00;4001CH
818;18-5-2025;CUST818;Male;30;Electronics;1;€ 500,00;€ 500,00;4001CH
819;15-6-2025;CUST819;Female;35;Beauty;2;€ 50,00;€ 100,00;4001CH
820;6-5-2025;CUST820;Male;49;Electronics;4;€ 50,00;€ 200,00;4001CH
821;14-2-2025;CUST821;Male;49;Electronics;1;€ 300,00;€ 300,00;4001CH
822;23-5-2025;CUST822;Female;52;Beauty;3;€ 50,00;€ 150,00;4001CH
823;19-8-2025;CUST823;Female;56;Electronics;2;€ 50,00;€ 100,00;4001CH
824;5-5-2025;CUST824;Male;63;Clothing;4;€ 30,00;€ 120,00;4001CH
825;26-8-2025;CUST825;Female;46;Beauty;1;€ 25,00;€ 25,00;4001CH
826;19-10-2025;CUST826;Female;46;Clothing;1;€ 300,00;€ 300,00;4001CH
827;9-11-2025;CUST827;Male;61;Beauty;3;€ 300,00;€ 900,00;4001CH
828;9-12-2025;CUST828;Female;33;Electronics;4;€ 300,00;€ 1.200,00;4001CH
829;14-7-2025;CUST829;Male;61;Beauty;3;€ 30,00;€ 90,00;4001CH
830;22-6-2025;CUST830;Female;64;Clothing;3;€ 50,00;€ 150,00;4001CH
831;15-1-2025;CUST831;Male;27;Electronics;4;€ 25,00;€ 100,00;4001CH
832;11-9-2025;CUST832;Male;47;Beauty;4;€ 500,00;€ 2.000,00;4001CH
833;16-6-2025;CUST833;Male;42;Beauty;4;€ 50,00;€ 200,00;4001CH
834;4-4-2025;CUST834;Female;56;Beauty;2;€ 30,00;€ 60,00;4001CH
835;7-9-2025;CUST835;Male;37;Clothing;4;€ 50,00;€ 200,00;4001CH
836;19-4-2025;CUST836;Female;22;Clothing;1;€ 50,00;€ 50,00;4001CH
837;1-7-2025;CUST837;Male;18;Beauty;3;€ 30,00;€ 90,00;4001CH
838;13-5-2025;CUST838;Male;47;Electronics;2;€ 300,00;€ 600,00;4001CH
839;24-6-2025;CUST839;Female;20;Electronics;4;€ 300,00;€ 1.200,00;4001CH
840;24-5-2025;CUST840;Male;62;Clothing;2;€ 25,00;€ 50,00;4001CH
841;2-11-2025;CUST841;Male;31;Electronics;4;€ 25,00;€ 100,00;4001CH
842;26-12-2025;CUST842;Female;47;Clothing;2;€ 300,00;€ 600,00;4001CH
843;22-5-2025;CUST843;Male;21;Beauty;3;€ 500,00;€ 1.500,00;4001CH
844;12-10-2025;CUST844;Male;35;Clothing;3;€ 50,00;€ 150,00;4001CH
845;6-1-2025;CUST845;Male;54;Clothing;1;€ 500,00;€ 500,00;4001CH
846;22-9-2025;CUST846;Male;42;Beauty;1;€ 50,00;€ 50,00;4001CH
847;8-4-2025;CUST847;Female;18;Electronics;4;€ 300,00;€ 1.200,00;4001CH
848;13-2-2025;CUST848;Female;63;Clothing;3;€ 25,00;€ 75,00;4001CH
849;4-5-2025;CUST849;Male;32;Clothing;2;€ 25,00;€ 50,00;4001CH
850;28-7-2025;CUST850;Female;26;Beauty;2;€ 500,00;€ 1.000,00;4001CH
851;8-9-2025;CUST851;Male;32;Electronics;2;€ 25,00;€ 50,00;4001CH
852;12-10-2025;CUST852;Female;41;Clothing;1;€ 300,00;€ 300,00;4001CH
853;4-5-2025;CUST853;Male;21;Beauty;2;€ 500,00;€ 1.000,00;4001CH
854;20-12-2025;CUST854;Male;29;Clothing;1;€ 50,00;€ 50,00;4001CH
855;1-9-2025;CUST855;Male;54;Beauty;1;€ 25,00;€ 25,00;4001CH
856;27-11-2025;CUST856;Male;54;Electronics;4;€ 30,00;€ 120,00;4001CH
857;31-12-2025;CUST857;Male;60;Electronics;2;€ 25,00;€ 50,00;4001CH
858;9-9-2025;CUST858;Male;23;Electronics;2;€ 50,00;€ 100,00;4001CH
859;18-8-2025;CUST859;Female;56;Electronics;3;€ 500,00;€ 1.500,00;4001CH
860;9-1-2025;CUST860;Male;63;Clothing;4;€ 50,00;€ 200,00;4001CH
861;17-2-2025;CUST861;Female;41;Clothing;3;€ 30,00;€ 90,00;4001CH
862;31-5-2025;CUST862;Male;28;Electronics;4;€ 300,00;€ 1.200,00;4001CH
863;24-4-2025;CUST863;Female;30;Electronics;2;€ 25,00;€ 50,00;4001CH
864;27-7-2025;CUST864;Female;51;Electronics;1;€ 500,00;€ 500,00;4001CH
865;21-12-2025;CUST865;Female;42;Clothing;1;€ 300,00;€ 300,00;4001CH
866;5-5-2025;CUST866;Male;24;Electronics;1;€ 50,00;€ 50,00;4001CH
867;6-6-2025;CUST867;Male;21;Electronics;1;€ 500,00;€ 500,00;4001CH
868;6-12-2025;CUST868;Female;25;Electronics;1;€ 300,00;€ 300,00;4001CH
869;25-10-2025;CUST869;Male;37;Beauty;3;€ 500,00;€ 1.500,00;4001CH
870;8-7-2025;CUST870;Female;46;Electronics;4;€ 30,00;€ 120,00;4001CH
871;31-8-2025;CUST871;Male;62;Beauty;2;€ 30,00;€ 60,00;4001CH
872;11-10-2025;CUST872;Female;63;Beauty;3;€ 25,00;€ 75,00;4001CH
873;29-9-2025;CUST873;Female;27;Electronics;4;€ 25,00;€ 100,00;4001CH
874;26-6-2025;CUST874;Male;60;Beauty;1;€ 30,00;€ 30,00;4001CH
875;6-8-2025;CUST875;Female;51;Electronics;4;€ 500,00;€ 2.000,00;4001CH
876;9-10-2025;CUST876;Male;43;Clothing;4;€ 30,00;€ 120,00;4001CH
877;19-6-2025;CUST877;Female;58;Clothing;1;€ 25,00;€ 25,00;4001CH
878;30-6-2025;CUST878;Female;20;Clothing;1;€ 30,00;€ 30,00;4001CH
879;26-12-2025;CUST879;Male;23;Clothing;1;€ 30,00;€ 30,00;4001CH
880;21-8-2025;CUST880;Male;22;Beauty;2;€ 500,00;€ 1.000,00;4001CH
881;19-5-2025;CUST881;Male;22;Electronics;1;€ 300,00;€ 300,00;4001CH
882;6-6-2025;CUST882;Female;64;Electronics;2;€ 25,00;€ 50,00;4001CH
883;9-5-2025;CUST883;Male;40;Electronics;1;€ 500,00;€ 500,00;4001CH
884;29-4-2025;CUST884;Female;26;Clothing;2;€ 30,00;€ 60,00;4001CH
885;3-3-2025;CUST885;Female;52;Clothing;4;€ 30,00;€ 120,00;4001CH
886;9-4-2025;CUST886;Male;37;Electronics;3;€ 300,00;€ 900,00;4001CH
887;11-6-2025;CUST887;Male;59;Clothing;4;€ 25,00;€ 100,00;4001CH
888;3-3-2025;CUST888;Female;52;Electronics;4;€ 25,00;€ 100,00;4001CH
889;2-10-2025;CUST889;Female;35;Electronics;1;€ 50,00;€ 50,00;4001CH
890;20-12-2025;CUST890;Male;34;Electronics;2;€ 25,00;€ 50,00;4001CH
891;5-4-2025;CUST891;Male;41;Electronics;3;€ 300,00;€ 900,00;4001CH
892;9-4-2025;CUST892;Male;20;Electronics;1;€ 50,00;€ 50,00;4001CH
893;21-4-2025;CUST893;Male;49;Electronics;1;€ 50,00;€ 50,00;4001CH
894;5-9-2025;CUST894;Male;52;Electronics;1;€ 30,00;€ 30,00;4001CH
895;22-5-2025;CUST895;Female;55;Clothing;4;€ 30,00;€ 120,00;4001CH
896;29-10-2025;CUST896;Female;30;Electronics;2;€ 25,00;€ 50,00;4001CH
897;26-9-2025;CUST897;Female;64;Electronics;2;€ 50,00;€ 100,00;4001CH
898;2-11-2025;CUST898;Female;42;Clothing;3;€ 30,00;€ 90,00;4001CH
899;25-5-2025;CUST899;Male;26;Clothing;2;€ 300,00;€ 600,00;4001CH
900;21-2-2025;CUST900;Male;21;Clothing;2;€ 30,00;€ 60,00;4001CH
901;10-4-2025;CUST901;Male;31;Electronics;1;€ 30,00;€ 30,00;4001CH
902;1-6-2025;CUST902;Female;54;Beauty;1;€ 50,00;€ 50,00;4001CH
903;27-4-2025;CUST903;Female;51;Beauty;4;€ 50,00;€ 200,00;4001CH
904;4-7-2025;CUST904;Male;28;Clothing;1;€ 500,00;€ 500,00;4001CH
905;2-4-2025;CUST905;Male;58;Beauty;1;€ 300,00;€ 300,00;4001CH
906;4-6-2025;CUST906;Female;20;Clothing;1;€ 50,00;€ 50,00;4001CH
907;8-1-2025;CUST907;Female;45;Electronics;1;€ 25,00;€ 25,00;4001CH
908;29-12-2025;CUST908;Male;46;Beauty;4;€ 300,00;€ 1.200,00;4001CH
909;1-10-2025;CUST909;Male;26;Electronics;1;€ 300,00;€ 300,00;4001CH
910;6-3-2025;CUST910;Female;20;Beauty;3;€ 50,00;€ 150,00;4001CH
911;21-5-2025;CUST911;Male;42;Electronics;3;€ 300,00;€ 900,00;4001CH
912;24-1-2025;CUST912;Male;51;Beauty;3;€ 50,00;€ 150,00;4001CH
913;28-1-2025;CUST913;Male;29;Electronics;3;€ 30,00;€ 90,00;4001CH
914;11-10-2025;CUST914;Female;59;Electronics;1;€ 500,00;€ 500,00;4001CH
915;30-5-2025;CUST915;Female;26;Beauty;3;€ 30,00;€ 90,00;4001CH
916;24-12-2025;CUST916;Female;32;Electronics;1;€ 50,00;€ 50,00;4001CH
917;6-3-2025;CUST917;Female;57;Electronics;4;€ 50,00;€ 200,00;4001CH
918;23-11-2025;CUST918;Female;42;Electronics;3;€ 30,00;€ 90,00;4001CH
919;9-9-2025;CUST919;Female;22;Beauty;2;€ 25,00;€ 50,00;4001CH
920;22-2-2025;CUST920;Female;28;Beauty;3;€ 25,00;€ 75,00;4001CH
921;7-1-2025;CUST921;Male;51;Electronics;3;€ 25,00;€ 75,00;4001CH
922;21-10-2025;CUST922;Male;41;Electronics;1;€ 50,00;€ 50,00;4001CH
923;26-5-2025;CUST923;Male;32;Beauty;3;€ 300,00;€ 900,00;4001CH
924;29-8-2025;CUST924;Male;55;Beauty;2;€ 50,00;€ 100,00;4001CH
925;3-9-2025;CUST925;Male;25;Electronics;1;€ 300,00;€ 300,00;4001CH
926;14-8-2025;CUST926;Male;22;Electronics;1;€ 30,00;€ 30,00;4001CH
927;24-6-2025;CUST927;Male;43;Electronics;4;€ 500,00;€ 2.000,00;4001CH
928;5-4-2025;CUST928;Female;35;Clothing;4;€ 300,00;€ 1.200,00;4001CH
929;27-1-2025;CUST929;Female;23;Beauty;3;€ 25,00;€ 75,00;4001CH
930;10-5-2025;CUST930;Male;54;Clothing;4;€ 50,00;€ 200,00;4001CH
931;2-9-2025;CUST931;Male;30;Beauty;4;€ 30,00;€ 120,00;4001CH
932;28-2-2025;CUST932;Female;45;Beauty;4;€ 25,00;€ 100,00;4001CH
933;3-2-2025;CUST933;Male;22;Beauty;1;€ 30,00;€ 30,00;4001CH
934;25-7-2025;CUST934;Male;30;Beauty;1;€ 500,00;€ 500,00;4001CH
935;9-9-2025;CUST935;Female;34;Beauty;1;€ 50,00;€ 50,00;4001CH
936;7-2-2025;CUST936;Male;57;Beauty;4;€ 50,00;€ 200,00;4001CH
937;23-10-2025;CUST937;Female;62;Beauty;1;€ 500,00;€ 500,00;4001CH
938;19-11-2025;CUST938;Male;49;Clothing;4;€ 50,00;€ 200,00;4001CH
939;18-12-2025;CUST939;Female;46;Electronics;1;€ 300,00;€ 300,00;4001CH
940;28-1-2025;CUST940;Female;20;Electronics;1;€ 30,00;€ 30,00;4001CH
941;19-3-2025;CUST941;Female;57;Clothing;2;€ 25,00;€ 50,00;4001CH
942;18-3-2025;CUST942;Male;51;Clothing;3;€ 500,00;€ 1.500,00;4001CH
943;16-10-2025;CUST943;Female;57;Clothing;4;€ 300,00;€ 1.200,00;4001CH
944;5-6-2025;CUST944;Male;44;Clothing;2;€ 25,00;€ 50,00;4001CH
945;13-2-2025;CUST945;Male;30;Beauty;1;€ 25,00;€ 25,00;4001CH
946;8-5-2025;CUST946;Male;62;Electronics;4;€ 500,00;€ 2.000,00;4001CH
947;2-3-2025;CUST947;Male;50;Beauty;1;€ 300,00;€ 300,00;4001CH
948;13-10-2025;CUST948;Female;23;Electronics;3;€ 25,00;€ 75,00;4001CH
949;2-8-2025;CUST949;Female;41;Electronics;2;€ 25,00;€ 50,00;4001CH
950;7-11-2025;CUST950;Male;36;Clothing;3;€ 300,00;€ 900,00;4001CH
951;2-11-2025;CUST951;Male;33;Beauty;2;€ 50,00;€ 100,00;4001CH
952;13-11-2025;CUST952;Female;57;Clothing;1;€ 25,00;€ 25,00;4001CH
953;26-4-2025;CUST953;Male;45;Beauty;3;€ 30,00;€ 90,00;4001CH
954;25-9-2025;CUST954;Female;50;Electronics;3;€ 300,00;€ 900,00;4001CH
955;14-7-2025;CUST955;Male;58;Clothing;1;€ 25,00;€ 25,00;4001CH
956;19-8-2025;CUST956;Male;30;Clothing;3;€ 500,00;€ 1.500,00;4001CH
957;15-8-2025;CUST957;Female;60;Electronics;4;€ 30,00;€ 120,00;4001CH
958;2-6-2025;CUST958;Male;62;Electronics;2;€ 25,00;€ 50,00;4001CH
959;29-10-2025;CUST959;Female;42;Electronics;2;€ 30,00;€ 60,00;4001CH
960;8-8-2025;CUST960;Male;59;Clothing;2;€ 30,00;€ 60,00;4001CH
961;6-6-2025;CUST961;Male;53;Beauty;4;€ 50,00;€ 200,00;4001CH
962;19-10-2025;CUST962;Male;44;Clothing;2;€ 30,00;€ 60,00;4001CH
963;14-11-2025;CUST963;Female;55;Beauty;1;€ 50,00;€ 50,00;4001CH
964;31-1-2025;CUST964;Male;24;Clothing;3;€ 300,00;€ 900,00;4001CH
965;9-11-2025;CUST965;Male;22;Clothing;4;€ 50,00;€ 200,00;4001CH
966;20-2-2025;CUST966;Male;60;Electronics;2;€ 500,00;€ 1.000,00;4001CH
967;17-4-2025;CUST967;Male;62;Beauty;1;€ 25,00;€ 25,00;4001CH
968;17-11-2025;CUST968;Female;48;Clothing;3;€ 300,00;€ 900,00;4001CH
969;19-4-2025;CUST969;Female;40;Clothing;3;€ 300,00;€ 900,00;4001CH
970;16-5-2025;CUST970;Male;59;Electronics;4;€ 500,00;€ 2.000,00;4001CH
971;5-12-2025;CUST971;Female;27;Electronics;4;€ 50,00;€ 200,00;4001CH
972;11-2-2025;CUST972;Male;49;Beauty;4;€ 25,00;€ 100,00;4001CH
973;22-3-2025;CUST973;Male;60;Clothing;1;€ 50,00;€ 50,00;4001CH
974;3-5-2025;CUST974;Male;47;Beauty;1;€ 30,00;€ 30,00;4001CH
975;30-3-2025;CUST975;Female;56;Clothing;4;€ 50,00;€ 200,00;4001CH
976;10-10-2025;CUST976;Female;48;Beauty;2;€ 300,00;€ 600,00;4001CH
977;8-2-2025;CUST977;Female;35;Electronics;3;€ 25,00;€ 75,00;4001CH
978;22-3-2025;CUST978;Female;53;Clothing;3;€ 50,00;€ 150,00;4001CH
979;2-1-2025;CUST979;Female;19;Beauty;1;€ 25,00;€ 25,00;4001CH
980;29-7-2025;CUST980;Female;31;Electronics;3;€ 25,00;€ 75,00;4001CH
981;19-8-2025;CUST981;Female;30;Electronics;2;€ 30,00;€ 60,00;4001CH
982;19-12-2025;CUST982;Female;46;Beauty;3;€ 30,00;€ 90,00;4001CH
983;1-11-2025;CUST983;Female;29;Clothing;1;€ 300,00;€ 300,00;4001CH
984;29-8-2025;CUST984;Male;56;Clothing;1;€ 500,00;€ 500,00;4001CH
985;30-5-2025;CUST985;Female;19;Electronics;2;€ 25,00;€ 50,00;4001CH
986;17-1-2025;CUST986;Female;49;Clothing;2;€ 500,00;€ 1.000,00;4001CH
987;29-4-2025;CUST987;Female;30;Clothing;3;€ 300,00;€ 900,00;4001CH
988;28-5-2025;CUST988;Female;63;Clothing;3;€ 25,00;€ 75,00;4001CH
989;28-12-2025;CUST989;Female;44;Electronics;1;€ 25,00;€ 25,00;4001CH
990;25-5-2025;CUST990;Female;58;Beauty;2;€ 500,00;€ 1.000,00;4001CH
991;26-12-2025;CUST991;Female;34;Clothing;2;€ 50,00;€ 100,00;4001CH
992;21-8-2025;CUST992;Female;57;Electronics;2;€ 30,00;€ 60,00;4001CH
993;6-2-2025;CUST993;Female;48;Electronics;3;€ 50,00;€ 150,00;4001CH
994;18-12-2025;CUST994;Female;51;Beauty;2;€ 500,00;€ 1.000,00;4001CH
995;30-4-2025;CUST995;Female;41;Clothing;1;€ 30,00;€ 30,00;4001CH
996;16-5-2025;CUST996;Male;62;Clothing;1;€ 50,00;€ 50,00;4001CH
997;17-11-2025;CUST997;Male;52;Beauty;3;€ 30,00;€ 90,00;4001CH
998;29-10-2025;CUST998;Female;23;Beauty;4;€ 25,00;€ 100,00;4001CH
999;5-12-2025;CUST999;Female;36;Electronics;3;€ 50,00;€ 150,00;4001CH
1000;12-4-2025;CUST1000;Male;47;Electronics;4;€ 30,00;€ 120,00;4001CH
